task,image_id,image_name,width,height,gt_count,gt_classes,custom_n_pred,custom_n_both,custom_n_only_gt,custom_n_only_pred,custom_precision_iou50,custom_recall_iou50,custom_mean_matched_iou,custom_pred_classes,custom_mean_score
pods,0,POD-B-v2_REP_0247_jpg.rf.95c2f72e60b3b081b81606256c587c7a.jpg,768,1024,17,Fruit_pod,10,7,10,3,0.7,0.4117647058823529,0.8339490286598792,Fruit_pod,0.8400355041027069
pods,1,POD-B-v2_CHAL_0117_jpg.rf.60d3e6b9789bf6d63d0eb8a344eb63e7.jpg,460,1024,4,Fruit_pod,1,0,4,1,0.0,0.0,,Fruit_pod,0.5340949892997742
pods,2,POD-B-v2_REP_0323_jpg.rf.65572fc15224b54c5dd13a5d3a4a76ce.jpg,1440,1920,28,Fruit_pod,7,7,21,0,1.0,0.25,0.8762308579607009,Fruit_pod,0.8832676921572004
pods,3,POD-B-v2_CHAL_0052_jpg.rf.4032482d84545626d77c2db0b4834f56.jpg,563,1000,1,Fruit_pod,0,0,1,0,,0.0,,,
pods,4,POD-B-v2_NEG_0088_jpg.rf.12c5c67399b27f0664137bdfd06d1475.jpg,1024,768,0,,0,0,0,0,,,,,
pods,5,POD-B-v2_REP_0164_jpg.rf.f0220efa19066590cb1c6ea2a00333c8.jpg,611,1024,10,Fruit_pod,0,0,10,0,,0.0,,,
pods,6,POD-B-v2_REP_0171_jpg.rf.13c51872c7eeb6e2c3dab66b317cb654.jpg,611,1024,9,Fruit_pod,7,6,3,1,0.8571428571428571,0.6666666666666666,0.9490666790898094,Fruit_pod,0.9367847102028983
pods,7,POD-B-v2_REP_0211_jpg.rf.b9ace63df0f91f33fbf44bdd2afdfc58.jpg,2448,3264,22,Fruit_pod,12,11,11,1,0.9166666666666666,0.5,0.813410826861142,Fruit_pod,0.8425597002108892
pods,8,POD-B-v2_CHAL_0145_jpg.rf.e6043f78c9a48406cfefb03c8b720731.jpg,768,1024,7,Fruit_pod,3,3,4,0,1.0,0.42857142857142855,0.9253305933806462,Fruit_pod,0.9166595339775085
pods,9,POD-B-v2_CHAL_0031_jpg.rf.b56c7721ddbc8654b248959bb7701343.jpg,460,1024,5,Fruit_pod,0,0,5,0,,0.0,,,
pods,10,POD-B-v2_REP_0172_jpg.rf.2f3d381d194b2321fe13650d214f05a5.jpg,611,1024,10,Fruit_pod,3,3,7,0,1.0,0.3,0.8597105220128736,Fruit_pod,0.8164705634117126
pods,11,POD-B-v2_REP_0128_jpg.rf.26e31762039ead12493bfa7e2b62b680.jpg,472,1024,17,Fruit_pod,14,10,7,4,0.7142857142857143,0.5882352941176471,0.8676684897608391,Fruit_pod,0.7896252998283931
pods,12,POD-B-v2_REP_0124_jpg.rf.7ee91fe016daeb47e1f77816e787784d.jpg,472,1024,6,Fruit_pod,6,3,3,3,0.5,0.5,0.8276609346365001,Fruit_pod,0.7957184016704559
pods,13,POD-B-v2_CHAL_0069_jpg.rf.35b5b28ef3dc2fbf3062dd618a3492e1.jpg,3000,4000,7,Fruit_pod,5,5,2,0,1.0,0.7142857142857143,0.8638320554637756,Fruit_pod,0.8280950427055359
pods,14,POD-B-v2_NEG_0062_jpg.rf.96077193852c5207841a886ac7d87a94.jpg,460,1024,2,Fruit_pod,0,0,2,0,,0.0,,,
pods,15,POD-B-v2_REP_0295_jpg.rf.9915a557185cbf0adb70c8faa0970804.jpg,3060,4080,25,Fruit_pod,3,1,24,2,0.3333333333333333,0.04,0.9459013162029497,Fruit_pod,0.6372419794400533
pods,16,POD-B-v2_CHAL_0096_jpg.rf.bec4c750791a94826d4b94d0dfc7e8f5.jpg,2448,3264,13,Fruit_pod,8,4,9,4,0.5,0.3076923076923077,0.7560640708685121,Fruit_pod,0.6884994730353355
pods,17,POD-B-v2_REP_0115_jpg.rf.faea382986a2416129ddf533c0534314.jpg,768,1024,21,Fruit_pod,12,12,9,0,1.0,0.5714285714285714,0.8438024206767601,Fruit_pod,0.8781822423140208
pods,18,POD-B-v2_NEG_0100_jpg.rf.7773418266ee8aa51eee12e456fcd65a.jpg,768,1024,1,Fruit_pod,0,0,1,0,,0.0,,,
pods,19,POD-B-v2_NEG_0067_jpg.rf.75d5ea9473744ae8049e02248988ae13.jpg,768,1024,1,Fruit_pod,0,0,1,0,,0.0,,,
pods,20,POD-B-v2_REP_0332_jpg.rf.aed984797c513c6571bc06181087f5d2.jpg,1440,1920,21,Fruit_pod,9,9,12,0,1.0,0.42857142857142855,0.9177049461753499,Fruit_pod,0.8743884629673428
pods,21,POD-B-v2_CHAL_0113_jpg.rf.bcc3cbbaae6031e0ff39337a8ed26d46.jpg,456,1024,3,Fruit_pod,0,0,3,0,,0.0,,,
pods,22,POD-B-v2_REP_0382_jpg.rf.835fa97b3e74b960f984f791b8c57d83.jpg,1440,1920,44,Fruit_pod,19,19,25,0,1.0,0.4318181818181818,0.9123936752244287,Fruit_pod,0.843717518605684
pods,23,POD-B-v2_REP_0376_jpg.rf.6dafe832077c7245f562662c4528ea35.jpg,1440,1920,17,Fruit_pod,7,7,10,0,1.0,0.4117647058823529,0.9061877854374215,Fruit_pod,0.8054446152278355
pods,24,POD-B-v2_REP_0254_jpg.rf.de95d5fab22187012abe643f5d381f0f.jpg,768,1024,23,Fruit_pod,6,5,18,1,0.8333333333333334,0.21739130434782608,0.8490945678979337,Fruit_pod,0.8588517705599467
pods,25,POD-B-v2_REP_0096_jpg.rf.b1614d602fb672317c3a892b06325451.jpg,472,1024,6,Fruit_pod,3,3,3,0,1.0,0.5,0.7848733580184684,Fruit_pod,0.8145016233126322
pods,26,POD-B-v2_REP_0108_jpg.rf.7709616685ce055949e83c7d888e55f0.jpg,472,1024,11,Fruit_pod,2,2,9,0,1.0,0.18181818181818182,0.9157140985197649,Fruit_pod,0.8946129679679871
pods,27,POD-B-v2_CHAL_0196_jpg.rf.c78bdc3133ab767c54ac6bbc0829e8d8.jpg,3060,4080,14,Fruit_pod,12,11,3,1,0.9166666666666666,0.7857142857142857,0.8197396694904515,Fruit_pod,0.8331640213727951
pods,28,POD-B-v2_REP_0083_jpg.rf.fa2df7ca847dae03037680e283bc31fd.jpg,3060,4080,15,Fruit_pod,12,9,6,3,0.75,0.6,0.935349332442428,Fruit_pod,0.9147809197505316
pods,29,POD-B-v2_CHAL_0017_jpg.rf.78b78f2b88e6a73bf2fac48576ff8e55.jpg,1024,768,1,Fruit_pod,2,0,1,2,0.0,0.0,,Fruit_pod,0.5701224505901337
pods,30,POD-B-v2_CHAL_0050_jpg.rf.f497ea591d0df51994f5939e0a917135.jpg,611,1024,16,Fruit_pod,4,4,12,0,1.0,0.25,0.9114542303853084,Fruit_pod,0.7820542305707932
pods,31,POD-B-v2_REP_0133_jpg.rf.c3453845406c30777f46b324811eb021.jpg,472,1024,12,Fruit_pod,9,9,3,0,1.0,0.75,0.8654338736108271,Fruit_pod,0.8120615084966024
pods,32,POD-B-v2_CHAL_0041_jpg.rf.5a2602fa8ea8a4d8fab012ffee4f5bc5.jpg,1024,1024,20,Fruit_pod,12,11,9,1,0.9166666666666666,0.55,0.8741146528465946,Fruit_pod,0.8047198553880056
pods,33,POD-B-v2_REP_0288_jpg.rf.d1a7a0c6c68399ad11c1a3cdfa73df1f.jpg,3060,4080,14,Fruit_pod,1,1,13,0,1.0,0.07142857142857142,0.9253264964944081,Fruit_pod,0.8355079293251038
pods,34,POD-B-v2_REP_0139_jpg.rf.d8db7a73f6e48e4da31beb617cab173e.jpg,1024,1024,7,Fruit_pod,5,5,2,0,1.0,0.7142857142857143,0.9147664733297832,Fruit_pod,0.8281249165534973
pods,35,POD-B-v2_CHAL_0034_jpg.rf.3145ea1fee845915b92bb7851c774c26.jpg,460,1024,3,Fruit_pod,0,0,3,0,,0.0,,,
pods,36,POD-B-v2_REP_0380_jpg.rf.c3600171db819da0ec2b5f96ad3d4e42.jpg,1440,1920,24,Fruit_pod,3,3,21,0,1.0,0.125,0.7934362336134774,Fruit_pod,0.6287002960840861
pods,37,POD-B-v2_REP_0339_jpg.rf.28e03e253cd829f734baa50a65853d5e.jpg,1440,1920,16,Fruit_pod,7,6,10,1,0.8571428571428571,0.375,0.9187935970066315,Fruit_pod,0.8266842791012355
pods,38,POD-B-v2_REP_0322_jpg.rf.e3dcfcd74205857592477dea719159f0.jpg,1440,1920,4,Fruit_pod,1,1,3,0,1.0,0.25,0.9562383231839807,Fruit_pod,0.8348692655563354
pods,39,POD-B-v2_REP_0215_jpg.rf.8c7b055e6404d1fa88f3fc3f5082bf85.jpg,3060,4080,32,Fruit_pod,16,16,16,0,1.0,0.5,0.8326753525187001,Fruit_pod,0.7923926413059235
pods,40,POD-B-v2_NEG_0090_jpg.rf.db429b61296173d35b4ba7768eea0bbd.jpg,438,1024,0,,0,0,0,0,,,,,
pods,41,POD-B-v2_REP_0158_jpg.rf.452a1ef39944976842cb706c913c06af.jpg,611,1024,10,Fruit_pod,9,7,3,2,0.7777777777777778,0.7,0.795811142629765,Fruit_pod,0.7246726817554898
pods,42,POD-B-v2_REP_0372_jpg.rf.7683a8f39552259c9cfe172653d3bb2e.jpg,1440,1920,7,Fruit_pod,3,3,4,0,1.0,0.42857142857142855,0.8918809660091749,Fruit_pod,0.9300831357638041
pods,43,POD-B-v2_NEG_0034_jpg.rf.0a2916b9702ab954805f9c3725db8b67.jpg,3060,4080,0,,0,0,0,0,,,,,
pods,44,POD-B-v2_REP_0232_jpg.rf.ed73d4f30d96dab137baa75cf3e45eea.jpg,1024,1024,19,Fruit_pod,5,4,15,1,0.8,0.21052631578947367,0.8585171323453183,Fruit_pod,0.8243825078010559
pods,45,POD-B-v2_CHAL_0197_jpg.rf.901ea4f82587b20c6f3c733f23466efb.jpg,3060,4080,9,Fruit_pod,3,3,6,0,1.0,0.3333333333333333,0.9363007376617088,Fruit_pod,0.9305563767751058
pods,46,POD-B-v2_CHAL_0146_jpg.rf.4f9d0ee0a7106aff88c3e0bd357d5879.jpg,765,1020,6,Fruit_pod,0,0,6,0,,0.0,,,
pods,47,POD-B-v2_REP_0077_jpg.rf.09f4e0cafbbc1fd972eb3986241fd808.jpg,3060,4080,11,Fruit_pod,6,5,6,1,0.8333333333333334,0.45454545454545453,0.8392007232170349,Fruit_pod,0.8115180532137553
pods,48,POD-B-v2_REP_0365_jpg.rf.4e52b3cf2e2a967d284e3538673d2081.jpg,1440,1920,40,Fruit_pod,25,21,19,4,0.84,0.525,0.8738269153246178,Fruit_pod,0.8090090608596802
pods,49,POD-B-v2_CHAL_0179_jpg.rf.5527b90082e0e97694ebbf3a178008cf.jpg,456,1024,10,Fruit_pod,0,0,10,0,,0.0,,,
pods,50,POD-B-v2_REP_0213_jpg.rf.1eb549b9bb5f95c205c2624507b38c37.jpg,3120,4160,11,Fruit_pod,4,4,7,0,1.0,0.36363636363636365,0.8264270386713728,Fruit_pod,0.7163379490375519
pods,51,POD-B-v2_REP_0321_jpg.rf.20ec01b8fd0de1db2818a535664b2c45.jpg,1440,1920,6,Fruit_pod,1,1,5,0,1.0,0.16666666666666666,0.9520306012661999,Fruit_pod,0.43448859453201294
pods,52,POD-B-v2_CHAL_0135_jpg.rf.a6fe03797c4f569b0d3d368de6e1dc35.jpg,768,1024,6,Fruit_pod,2,2,4,0,1.0,0.3333333333333333,0.929096241766374,Fruit_pod,0.6922612190246582
pods,53,POD-B-v2_REP_0398_jpg.rf.1fbb6ba03aab25e80d5ac71e0fc370cb.jpg,1440,1920,49,Fruit_pod,12,12,37,0,1.0,0.24489795918367346,0.8974322409078992,Fruit_pod,0.8338985989491144
pods,54,POD-B-v2_CHAL_0037_jpg.rf.f49d50311d7fa9d3aabc70dd64b9e4ef.jpg,460,1024,6,Fruit_pod,0,0,6,0,,0.0,,,
pods,55,POD-B-v2_REP_0147_jpg.rf.41627639fcf4829c2f940b7bf2d06137.jpg,1024,1024,18,Fruit_pod,6,4,14,2,0.6666666666666666,0.2222222222222222,0.8873153854241584,Fruit_pod,0.794223835070928
pods,56,POD-B-v2_REP_0263_jpg.rf.381a64a7c0b1990dbec5049fcd12680e.jpg,438,1024,16,Fruit_pod,7,7,9,0,1.0,0.4375,0.8877630659535803,Fruit_pod,0.7990742666380746
pods,57,POD-B-v2_REP_0381_jpg.rf.7ae11a541cb76c61d3b340cbd4d2df87.jpg,1440,1920,36,Fruit_pod,25,23,13,2,0.92,0.6388888888888888,0.8480099214725084,Fruit_pod,0.8109073114395141
pods,58,POD-B-v2_CHAL_0191_jpg.rf.f5a12f2f52f15726480a23c681473e3a.jpg,768,1024,4,Fruit_pod,0,0,4,0,,0.0,,,
pods,59,POD-B-v2_REP_0360_jpg.rf.567817cc11e9e502f922292a5d9e7374.jpg,1440,1920,6,Fruit_pod,1,1,5,0,1.0,0.16666666666666666,0.8352769916546164,Fruit_pod,0.8700733780860901
pods,60,POD-B-v2_CHAL_0181_jpg.rf.1b5ba25c660c39fa8b9c5dd272b780c5.jpg,438,1024,3,Fruit_pod,1,0,3,1,0.0,0.0,,Fruit_pod,0.594279944896698
pods,61,POD-B-v2_NEG_0043_jpg.rf.8e907713a257374b37a4c23910432544.jpg,3120,4160,0,,0,0,0,0,,,,,
pods,62,POD-B-v2_CHAL_0129_jpg.rf.73159f7666e389b9312c40e1456fc0fc.jpg,460,1024,5,Fruit_pod,0,0,5,0,,0.0,,,
pods,63,POD-B-v2_CHAL_0157_jpg.rf.568c4fd06a660bca3f74e26f9c5d382a.jpg,1024,1024,10,Fruit_pod,0,0,10,0,,0.0,,,
pods,64,POD-B-v2_REP_0255_jpg.rf.6df2635c4307477df8cbefe4378faf23.jpg,768,1024,14,Fruit_pod,7,7,7,0,1.0,0.5,0.7741835083043941,Fruit_pod,0.865766601903098
pods,65,POD-B-v2_REP_0118_jpg.rf.1e08639b5dec16f2bd6f91244a6c584b.jpg,472,1024,14,Fruit_pod,6,3,11,3,0.5,0.21428571428571427,0.9029376730401828,Fruit_pod,0.7976956069469452
pods,66,POD-B-v2_REP_0403_jpg.rf.933083c3f2635ebc01b3a41b583d2598.jpg,1440,1920,39,Fruit_pod,9,9,30,0,1.0,0.23076923076923078,0.8733069490577873,Fruit_pod,0.7161236736509535
pods,67,POD-B-v2_REP_0395_jpg.rf.cb81501a4e72f034a7c48111924b44c5.jpg,1440,1920,18,Fruit_pod,10,10,8,0,1.0,0.5555555555555556,0.9010868366585312,Fruit_pod,0.8792443633079529
pods,68,POD-B-v2_REP_0063_jpg.rf.08643652bfc9cdb234d3e1cb30cd95ce.jpg,3060,4080,13,Fruit_pod,6,5,8,1,0.8333333333333334,0.38461538461538464,0.7765124576505675,Fruit_pod,0.645645668109258
pods,69,POD-B-v2_REP_0351_jpg.rf.a95f148714f0259f4c533abf1c3641ec.jpg,1440,1920,7,Fruit_pod,2,2,5,0,1.0,0.2857142857142857,0.9097434506154731,Fruit_pod,0.9380058348178864
pods,70,POD-B-v2_REP_0141_jpg.rf.4b6cfa4d114814b058e036316ed47fcb.jpg,1024,1024,30,Fruit_pod,12,12,18,0,1.0,0.4,0.8274928518251375,Fruit_pod,0.8245644370714823
pods,71,POD-B-v2_REP_0358_jpg.rf.8d07a028298d74912f43ed3447e9b158.jpg,1440,1920,16,Fruit_pod,5,5,11,0,1.0,0.3125,0.9009319773251383,Fruit_pod,0.8250466704368591
pods,72,POD-B-v2_NEG_0042_jpg.rf.5d7e19d6e47769ab4f13c048dc5e721d.jpg,2448,3264,0,,0,0,0,0,,,,,
pods,73,POD-B-v2_NEG_0049_jpg.rf.93a05aa2c2cc9fcc0f82fe62839a7667.jpg,3120,4160,0,,0,0,0,0,,,,,
pods,74,POD-B-v2_NEG_0047_jpg.rf.442c66cd8cc37e585ee429b425e2aafe.jpg,3120,4160,0,,0,0,0,0,,,,,
pods,75,POD-B-v2_REP_0049_jpg.rf.a3f549d654dee5fc16f973f0617d7b31.jpg,3060,4080,4,Fruit_pod,1,1,3,0,1.0,0.25,0.9599511474343353,Fruit_pod,0.6249060034751892
pods,76,POD-B-v2_CHAL_0130_jpg.rf.304c48a99039db7893c8686937c81747.jpg,460,1024,5,Fruit_pod,0,0,5,0,,0.0,,,
pods,77,POD-B-v2_CHAL_0099_jpg.rf.80b4d94923a574377668702c791fc2c1.jpg,3120,4160,1,Fruit_pod,1,0,1,1,0.0,0.0,,Fruit_pod,0.7245200872421265
pods,78,POD-B-v2_REP_0370_jpg.rf.b1f2c1750c03522aaef3f1a8975da053.jpg,1440,1920,20,Fruit_pod,13,12,8,1,0.9230769230769231,0.6,0.88902702517413,Fruit_pod,0.9106165124819829
pods,79,POD-B-v2_REP_0392_jpg.rf.8379d5dbe318455a585635007f0b6ccf.jpg,1440,1920,25,Fruit_pod,6,6,19,0,1.0,0.24,0.8707262237594103,Fruit_pod,0.7227634290854136
pods,80,POD-B-v2_NEG_0028_jpg.rf.4c1bb83b0fb056914c0bc7723d46af2b.jpg,3060,4080,0,,0,0,0,0,,,,,
pods,81,POD-B-v2_REP_0194_jpg.rf.009448f2b7f888769d6bbf6aba19c566.jpg,2448,3264,21,Fruit_pod,17,13,8,4,0.7647058823529411,0.6190476190476191,0.8136579484710127,Fruit_pod,0.7244164347648621
pods,82,POD-B-v2_CHAL_0152_jpg.rf.3fb022707a0fd89d6a098071ba9d7460.jpg,768,1024,6,Fruit_pod,1,1,5,0,1.0,0.16666666666666666,0.8466775927339407,Fruit_pod,0.9484607577323914
pods,83,POD-B-v2_REP_0226_jpg.rf.e1366dd730a5bea46e7313796cf7ac1a.jpg,768,1024,7,Fruit_pod,5,5,2,0,1.0,0.7142857142857143,0.8619854949444246,Fruit_pod,0.9000658750534057
pods,84,POD-B-v2_CHAL_0182_jpg.rf.051544518fe017064a1ffe87298211ea.jpg,438,1024,5,Fruit_pod,0,0,5,0,,0.0,,,
pods,85,POD-B-v2_REP_0258_jpg.rf.5e6b6e22264fe83b8a9aaed2d65452fd.jpg,768,1024,15,Fruit_pod,10,10,5,0,1.0,0.6666666666666666,0.8872887354626577,Fruit_pod,0.8095851123332978
pods,86,POD-B-v2_REP_0059_jpg.rf.a27f53f295ac9dd4307f114b4ceb1915.jpg,3060,4080,23,Fruit_pod,14,13,10,1,0.9285714285714286,0.5652173913043478,0.861712516290575,Fruit_pod,0.8624793929713113
pods,87,POD-B-v2_REP_0327_jpg.rf.4265c6095e035e6796bbd8b3fbb17f83.jpg,1440,1920,15,Fruit_pod,3,3,12,0,1.0,0.2,0.931938319788353,Fruit_pod,0.7322949965794882
pods,88,POD-B-v2_CHAL_0045_jpg.rf.fbe1f7c2522d3b69efd45023b06d93ad.jpg,611,1024,7,Fruit_pod,0,0,7,0,,0.0,,,
pods,89,POD-B-v2_REP_0103_jpg.rf.91a98cc07e749da7f10bd61007d862b3.jpg,472,1024,8,Fruit_pod,4,4,4,0,1.0,0.5,0.8056848255311692,Fruit_pod,0.7709359526634216
pods,90,POD-B-v2_CHAL_0142_jpg.rf.9eb309ae74c419e7d31f02a6872e7f38.jpg,1024,1024,6,Fruit_pod,3,3,3,0,1.0,0.5,0.7275746697125317,Fruit_pod,0.7506372332572937
pods,91,POD-B-v2_NEG_0089_jpg.rf.fd15a9d4343114f832023c5793f5163a.jpg,438,1024,0,,0,0,0,0,,,,,
pods,92,POD-B-v2_CHAL_0095_jpg.rf.f57e31c32b39951224dcd097fe068283.jpg,2448,3264,11,Fruit_pod,10,8,3,2,0.8,0.7272727272727273,0.8725990288020026,Fruit_pod,0.8620127141475677
pods,93,POD-B-v2_CHAL_0188_jpg.rf.07450ae4d762be33320ce88cdb6b163a.jpg,456,1024,8,Fruit_pod,0,0,8,0,,0.0,,,
pods,94,POD-B-v2_REP_0245_jpg.rf.fac759784c72b2a6afd65172a04c4937.jpg,1024,1024,9,Fruit_pod,5,5,4,0,1.0,0.5555555555555556,0.8099059426218677,Fruit_pod,0.9190397500991822
pods,95,POD-B-v2_CHAL_0016_jpg.rf.c43f1ac15b42e0df9fcf97ca0c676f98.jpg,472,1024,5,Fruit_pod,4,3,2,1,0.75,0.6,0.8063593956294556,Fruit_pod,0.6384097784757614
pods,96,POD-B-v2_REP_0233_jpg.rf.837b598e562d2fb32d971760da53a4fa.jpg,1024,1024,19,Fruit_pod,6,5,14,1,0.8333333333333334,0.2631578947368421,0.8134327487669353,Fruit_pod,0.6852524479230245
pods,97,POD-B-v2_CHAL_0036_jpg.rf.a7ac037f986765d1cc924f62db7181da.jpg,1024,460,3,Fruit_pod,0,0,3,0,,0.0,,,
pods,98,POD-B-v2_REP_0173_jpg.rf.93c75edf0254dd4615a7cab26cfa9098.jpg,611,1024,15,Fruit_pod,9,9,6,0,1.0,0.6,0.9124481589466925,Fruit_pod,0.81971851322386
pods,99,POD-B-v2_REP_0110_jpg.rf.e3c2c93b5093b7abd498022c4e004632.jpg,472,1024,11,Fruit_pod,7,7,4,0,1.0,0.6363636363636364,0.8676531186775289,Fruit_pod,0.8648983665875026
pods,100,POD-B-v2_NEG_0051_jpg.rf.6183ba57e34bb7e7dba056cd57af4831.jpg,3120,4160,0,,0,0,0,0,,,,,
pods,101,POD-B-v2_REP_0052_jpg.rf.213109736221934c62c0d15673cae844.jpg,3060,4080,5,Fruit_pod,1,1,4,0,1.0,0.2,0.963953306553101,Fruit_pod,0.9280442595481873
pods,102,POD-B-v2_CHAL_0042_jpg.rf.b2d8ddc289f0ce2904f3fbea91909c41.jpg,1024,1024,5,Fruit_pod,3,3,2,0,1.0,0.6,0.8072335427173966,Fruit_pod,0.8648526271184286
pods,103,POD-B-v2_REP_0367_jpg.rf.e3ad8bbd3c4e351ade3edb3adb23aa43.jpg,1440,1920,40,Fruit_pod,15,14,26,1,0.9333333333333333,0.35,0.9143431654972624,Fruit_pod,0.7730121374130249
pods,104,POD-B-v2_CHAL_0163_jpg.rf.30c4bc8a04241298d5142bb488be824f.jpg,456,1024,4,Fruit_pod,0,0,4,0,,0.0,,,
pods,105,POD-B-v2_REP_0269_jpg.rf.ad30978e5d1fc51b56cd2b2ed74fdf2c.jpg,771,1024,20,Fruit_pod,11,10,10,1,0.9090909090909091,0.5,0.8661520680666712,Fruit_pod,0.7620982473546808
pods,106,POD-B-v2_REP_0364_jpg.rf.7a19ec0ccc60562eb8572c29e006292a.jpg,1440,1920,26,Fruit_pod,17,15,11,2,0.8823529411764706,0.5769230769230769,0.8981656846099593,Fruit_pod,0.7726659459226272
pods,107,POD-B-v2_CHAL_0024_jpg.rf.1190e6a330f1ac7c3509bfbde1e7c601.jpg,460,1024,11,Fruit_pod,1,1,10,0,1.0,0.09090909090909091,0.5158643795519512,Fruit_pod,0.448644757270813
pods,108,POD-B-v2_CHAL_0162_jpg.rf.2078aaafe73bc63f9c9697b17ff531f2.jpg,1024,1024,12,Fruit_pod,3,3,9,0,1.0,0.25,0.6738979503023921,Fruit_pod,0.7926795681317648
pods,109,POD-B-v2_REP_0119_jpg.rf.458dc3736efb11615e8c408db19d2acf.jpg,472,1024,21,Fruit_pod,15,12,9,3,0.8,0.5714285714285714,0.7858097461415663,Fruit_pod,0.705588984489441
pods,110,POD-B-v2_REP_0165_jpg.rf.838a64e5e48d01b016cc3adc20e27ed8.jpg,611,1024,6,Fruit_pod,1,1,5,0,1.0,0.16666666666666666,0.9406839551278026,Fruit_pod,0.8879560828208923
pods,111,POD-B-v2_CHAL_0105_jpg.rf.6691eaf8420e0f387f63357799e50362.jpg,3120,4160,3,Fruit_pod,2,2,1,0,1.0,0.6666666666666666,0.8554243160852233,Fruit_pod,0.7532139122486115
pods,112,POD-B-v2_CHAL_0158_jpg.rf.4bcb1180d31b24896181cf5aecc0cdae.jpg,1024,1024,1,Fruit_pod,0,0,1,0,,0.0,,,
pods,113,POD-B-v2_CHAL_0051_jpg.rf.44c571f5d8f68bbbba7b2105dc1faaed.jpg,611,1024,2,Fruit_pod,0,0,2,0,,0.0,,,
pods,114,POD-B-v2_CHAL_0080_jpg.rf.815592806e88c0fedf1ef98f12d84087.jpg,3072,4080,3,Fruit_pod,1,1,2,0,1.0,0.3333333333333333,0.885862673920359,Fruit_pod,0.94798743724823
pods,115,POD-B-v2_REP_0126_jpg.rf.09354d20cacab4e5cd7c52334efac7a7.jpg,472,1024,10,Fruit_pod,7,6,4,1,0.8571428571428571,0.6,0.8213947809571168,Fruit_pod,0.7237179960523333
pods,116,POD-B-v2_NEG_0061_jpg.rf.256a5d6b9931ead73a2c462700fb2d08.jpg,765,1020,0,,0,0,0,0,,,,,
pods,117,POD-B-v2_NEG_0035_jpg.rf.5b3bc795b7f90e39b36dbfbd1ac23bfb.jpg,3060,4080,0,,0,0,0,0,,,,,
pods,118,POD-B-v2_CHAL_0150_jpg.rf.6f6f96b234c9817ea0d1a8e267652d53.jpg,768,1024,7,Fruit_pod,8,7,0,1,0.875,1.0,0.8072097890356469,Fruit_pod,0.8494976386427879
pods,119,POD-B-v2_REP_0368_jpg.rf.fbb8c2ec948db4fdb7d35ab133c7e9e4.jpg,1440,1920,16,Fruit_pod,9,9,7,0,1.0,0.5625,0.8905634478054127,Fruit_pod,0.9087589714262221
pods,120,POD-B-v2_REP_0267_jpg.rf.60097057f62cf798b29ff32e1fb3f583.jpg,768,1024,12,Fruit_pod,9,9,3,0,1.0,0.75,0.8648926570043058,Fruit_pod,0.8430529832839966
pods,121,POD-B-v2_REP_0257_jpg.rf.360027e613eb8bfa468ee25b4eb4f64e.jpg,771,1024,7,Fruit_pod,2,2,5,0,1.0,0.2857142857142857,0.8516808994510263,Fruit_pod,0.5736244916915894
pods,122,POD-B-v2_REP_0132_jpg.rf.b2d171328d682fca931340beb9c2e742.jpg,472,1024,19,Fruit_pod,10,10,9,0,1.0,0.5263157894736842,0.7579210983070357,Fruit_pod,0.8173696279525757
pods,123,POD-B-v2_NEG_0004_jpg.rf.aed0205ca89fe80a9deefec18e67cd4c.jpg,3060,4080,0,,0,0,0,0,,,,,
pods,124,POD-B-v2_REP_0210_jpg.rf.5dc4158834624fdcf91a26990fab2c51.jpg,3120,4160,6,Fruit_pod,5,4,2,1,0.8,0.6666666666666666,0.8736106615489749,Fruit_pod,0.7147918939590454
pods,125,POD-B-v2_REP_0177_jpg.rf.52b5c421fa18d73e3f05684e578711a4.jpg,611,1024,22,Fruit_pod,6,6,16,0,1.0,0.2727272727272727,0.8947185830474621,Fruit_pod,0.8020139137903849
pods,126,POD-B-v2_NEG_0002_jpg.rf.133a88f3481639c517fe7cde824d4b44.jpg,3060,4080,0,,0,0,0,0,,,,,
pods,127,POD-B-v2_REP_0150_jpg.rf.5f90f3b23627d30782cec35d41680279.jpg,1024,1024,18,Fruit_pod,11,10,8,1,0.9090909090909091,0.5555555555555556,0.9083665585241881,Fruit_pod,0.8901973041621122
pods,128,POD-B-v2_REP_0017_jpg.rf.ec6727d1ff90b7600a59fcbc094703c4.jpg,3000,4000,15,Fruit_pod,0,0,15,0,,0.0,,,
pods,129,POD-B-v2_REP_0394_jpg.rf.ed69487aabc18019c7c3e4d5297e1f7f.jpg,1440,1920,18,Fruit_pod,4,4,14,0,1.0,0.2222222222222222,0.9039086828075611,Fruit_pod,0.8156314194202423
pods,130,POD-B-v2_REP_0178_jpg.rf.fd784977ab546395f8214e10ff667c71.jpg,611,1024,33,Fruit_pod,15,13,20,2,0.8666666666666667,0.3939393939393939,0.8228625628373902,Fruit_pod,0.8226214369138082
pods,131,POD-B-v2_REP_0193_jpg.rf.5193fb3f5a59145ac7614724bc8ef96b.jpg,3072,4080,10,Fruit_pod,6,5,5,1,0.8333333333333334,0.5,0.8488168621518636,Fruit_pod,0.7822978993256887
pods,132,POD-B-v2_CHAL_0173_jpg.rf.911f1ca195386ed900bc2982fe2c88da.jpg,460,1024,3,Fruit_pod,0,0,3,0,,0.0,,,
pods,133,POD-B-v2_CHAL_0026_jpg.rf.e6423e454f68c889e78e14604600e450.jpg,768,1024,23,Fruit_pod,4,4,19,0,1.0,0.17391304347826086,0.8553827339233869,Fruit_pod,0.7967242449522018
pods,134,POD-B-v2_REP_0237_jpg.rf.6c440afe3f4d8c2255263d3063a33e93.jpg,1024,1024,6,Fruit_pod,4,3,3,1,0.75,0.5,0.8313041632505463,Fruit_pod,0.7601588070392609
pods,135,POD-B-v2_REP_0371_jpg.rf.f07207e946e75c659f90c4db24de8eb8.jpg,1440,1920,26,Fruit_pod,12,11,15,1,0.9166666666666666,0.4230769230769231,0.8950763328666745,Fruit_pod,0.9034613221883774
pods,136,POD-B-v2_REP_0068_jpg.rf.61ba0febf12324993377970379886fe4.jpg,3060,4080,9,Fruit_pod,4,3,6,1,0.75,0.3333333333333333,0.9334526376406928,Fruit_pod,0.8388674855232239
pods,137,POD-B-v2_REP_0344_jpg.rf.5d643afa0072e7a14ac7684ff6b6aa0d.jpg,1440,1920,11,Fruit_pod,2,2,9,0,1.0,0.18181818181818182,0.9091334757928877,Fruit_pod,0.7784896790981293
pods,138,POD-B-v2_REP_0012_jpg.rf.94f867bde9bc7d56e0d52a5421575f86.jpg,3000,4000,9,Fruit_pod,3,3,6,0,1.0,0.3333333333333333,0.7649837755783562,Fruit_pod,0.9046146869659424
pods,139,POD-B-v2_CHAL_0047_jpg.rf.a5411dc44b855469decc6957c274cc5a.jpg,611,1024,3,Fruit_pod,1,1,2,0,1.0,0.3333333333333333,0.6795900667448077,Fruit_pod,0.41807055473327637
pods,140,POD-B-v2_REP_0294_jpg.rf.438a1003eea41d5b7ab34d317195027f.jpg,3060,4080,40,Fruit_pod,21,18,22,3,0.8571428571428571,0.45,0.8986741023083942,Fruit_pod,0.8518671166329157
pods,141,POD-B-v2_REP_0220_jpg.rf.664d348c5e685583cba859782c777eed.jpg,3120,4160,10,Fruit_pod,9,9,1,0,1.0,0.9,0.7876346288972734,Fruit_pod,0.8665253520011902
pods,142,POD-B-v2_REP_0366_jpg.rf.8684a4ac48ab15c4a8cc8cfae6b103c2.jpg,1440,1920,30,Fruit_pod,18,18,12,0,1.0,0.6,0.8710343439726367,Fruit_pod,0.884985539648268
pods,143,POD-B-v2_REP_0203_jpg.rf.c3efdc257ca6978927ef06c13f917bd2.jpg,2448,3264,12,Fruit_pod,8,8,4,0,1.0,0.6666666666666666,0.834156182729382,Fruit_pod,0.8776077106595039
pods,144,POD-B-v2_REP_0156_jpg.rf.8a9beccbdf62fb90b1833d65bcb915e7.jpg,1024,1024,22,Fruit_pod,8,8,14,0,1.0,0.36363636363636365,0.8335700558117715,Fruit_pod,0.8355805277824402
pods,145,POD-B-v2_REP_0354_jpg.rf.dfc18604fd14a3ed0946886c768fa95e.jpg,1440,1920,20,Fruit_pod,1,1,19,0,1.0,0.05,0.9095767633591036,Fruit_pod,0.42499518394470215
pods,146,POD-B-v2_REP_0379_jpg.rf.ee462fe64b2e73b6b25567f05cc862ab.jpg,1440,1920,10,Fruit_pod,5,4,6,1,0.8,0.4,0.8518546058741135,Fruit_pod,0.871682059764862
pods,147,POD-B-v2_REP_0095_jpg.rf.c8c2974b8ba42fe1e472f7ba68396624.jpg,472,1024,9,Fruit_pod,6,6,3,0,1.0,0.6666666666666666,0.856078176884138,Fruit_pod,0.9059542318185171
pods,148,POD-B-v2_CHAL_0178_jpg.rf.4b2a8712f57c42a33ec401bfc309cd9f.jpg,456,1024,1,Fruit_pod,0,0,1,0,,0.0,,,
pods,149,POD-B-v2_REP_0199_jpg.rf.73a1bef1a626e5c9908bee04ebcd328b.jpg,2448,3264,24,Fruit_pod,22,20,4,2,0.9090909090909091,0.8333333333333334,0.8421359090194841,Fruit_pod,0.8747213672507893
pods,150,POD-B-v2_REP_0089_jpg.rf.953c11996ee7d832268400e94258eb3b.jpg,3060,4080,6,Fruit_pod,4,4,2,0,1.0,0.6666666666666666,0.8293068351077252,Fruit_pod,0.893827885389328
pods,151,POD-B-v2_REP_0056_jpg.rf.1ba530bf45198a2e74accfea3b5aea90.jpg,3060,4080,18,Fruit_pod,7,6,12,1,0.8571428571428571,0.3333333333333333,0.9202306262665957,Fruit_pod,0.8229534029960632
pods,152,POD-B-v2_CHAL_0090_jpg.rf.21b3ef5e0987fa95ef889e6f01a55d5c.jpg,3048,4064,2,Fruit_pod,0,0,2,0,,0.0,,,
pods,153,POD-B-v2_REP_0274_jpg.rf.8ea03c734e89f7911e489b27c384e65e.jpg,3060,4080,18,Fruit_pod,2,2,16,0,1.0,0.1111111111111111,0.9676686043088721,Fruit_pod,0.9529914259910583
pods,154,POD-B-v2_REP_0154_jpg.rf.9de84830960813ae89bda541809b4efd.jpg,1024,1024,9,Fruit_pod,5,5,4,0,1.0,0.5555555555555556,0.8835120851355882,Fruit_pod,0.8576541900634765
pods,155,POD-B-v2_REP_0244_jpg.rf.6d8dda6f054effc3886033ffdc790018.jpg,1024,1024,13,Fruit_pod,7,7,6,0,1.0,0.5384615384615384,0.8743018344377741,Fruit_pod,0.7702953560011727
pods,156,POD-B-v2_NEG_0082_jpg.rf.4762442a30b6b1c32c598c941ab9837c.jpg,1024,1024,0,,0,0,0,0,,,,,
pods,157,POD-B-v2_REP_0073_jpg.rf.e32350de9fe4195fa02c32cdef0f8c9b.jpg,3060,4080,18,Fruit_pod,9,7,11,2,0.7777777777777778,0.3888888888888889,0.9255313029740024,Fruit_pod,0.8653395242161221
pods,158,POD-B-v2_CHAL_0189_jpg.rf.65b5da402452b1d4048faec1c4c6ddee.jpg,460,1024,16,Fruit_pod,0,0,16,0,,0.0,,,
pods,159,POD-B-v2_REP_0224_jpg.rf.85afcfd40b977e27ac5e27287694eb28.jpg,3120,4160,17,Fruit_pod,10,6,11,4,0.6,0.35294117647058826,0.8581330185457959,Fruit_pod,0.8423453450202942
pods,160,POD-B-v2_REP_0153_jpg.rf.6943bef661b40b493c968d061cd11b2e.jpg,1024,1024,12,Fruit_pod,2,2,10,0,1.0,0.16666666666666666,0.9455594007822807,Fruit_pod,0.7175008952617645
pods,161,POD-B-v2_REP_0117_jpg.rf.eda0c32fcec1d13c3e9cb546160ee880.jpg,768,1024,33,Fruit_pod,18,17,16,1,0.9444444444444444,0.5151515151515151,0.8182099982098863,Fruit_pod,0.8363883528444502
pods,162,POD-B-v2_REP_0114_jpg.rf.b93c2735adc5fa1debdfae562e392e71.jpg,1024,472,17,Fruit_pod,8,7,10,1,0.875,0.4117647058823529,0.8143740615543805,Fruit_pod,0.7729507833719254
pods,163,POD-B-v2_NEG_0036_jpg.rf.77cb0471ea9850227b8985a30ac13a1f.jpg,3060,4080,0,,0,0,0,0,,,,,
pods,164,POD-B-v2_CHAL_0092_jpg.rf.b60691ec5b6387de28db946fdec307a6.jpg,2448,3264,6,Fruit_pod,0,0,6,0,,0.0,,,
pods,165,POD-B-v2_REP_0130_jpg.rf.c818b6729972586c70953df87369b68f.jpg,472,1024,6,Fruit_pod,6,6,0,0,1.0,1.0,0.9296821653140289,Fruit_pod,0.8538562456766764
pods,166,POD-B-v2_REP_0302_jpg.rf.c2d07f7beb5026593faef206203d60e7.jpg,3060,4080,7,Fruit_pod,17,3,4,14,0.17647058823529413,0.42857142857142855,0.9086091490906675,Fruit_pod,0.7634964515181148
pods,167,POD-B-v2_CHAL_0061_jpg.rf.215a0c1af5ba0db7bdfe4777541d4013.jpg,3456,4608,4,Fruit_pod,0,0,4,0,,0.0,,,
pods,168,POD-B-v2_NEG_0015_jpg.rf.dc6d3704feeccfb68bd874ecfbbfe151.jpg,3060,4080,0,,0,0,0,0,,,,,
pods,169,POD-B-v2_REP_0010_jpg.rf.2f96f5f95adc2edeffee19b031ea3240.jpg,3000,4000,29,Fruit_pod,11,9,20,2,0.8181818181818182,0.3103448275862069,0.8698777155968302,Fruit_pod,0.8406646034934304
pods,170,POD-B-v2_REP_0359_jpg.rf.66ba79fe66def2d00368c84acbfcac6d.jpg,1440,1920,22,Fruit_pod,10,9,13,1,0.9,0.4090909090909091,0.9027978986198337,Fruit_pod,0.8607325851917267
pods,171,POD-B-v2_REP_0064_jpg.rf.83cd5e4591eb7e8aa56370de2fcad66b.jpg,3060,4080,1,Fruit_pod,1,1,0,0,1.0,1.0,0.9745952639345039,Fruit_pod,0.9711856245994568
pods,172,POD-B-v2_REP_0287_jpg.rf.612f41dbefbbe8f74d42fdaf4d49426d.jpg,3060,4080,11,Fruit_pod,4,3,8,1,0.75,0.2727272727272727,0.8185226514040238,Fruit_pod,0.9408998042345047
pods,173,POD-B-v2_REP_0031_jpg.rf.f712371734abe2895896571d793634f7.jpg,3060,4080,6,Fruit_pod,2,2,4,0,1.0,0.3333333333333333,0.9572304180145641,Fruit_pod,0.9655047059059143
pods,174,POD-B-v2_REP_0308_jpg.rf.4d69d4769c9787800c58903b3eaa2585.jpg,3060,4080,32,Fruit_pod,4,2,30,2,0.5,0.0625,0.9667969257956543,Fruit_pod,0.7647683322429657
pods,175,POD-B-v2_REP_0090_jpg.rf.def3863ff266336cbbb5e368286f8de5.jpg,3060,4080,25,Fruit_pod,18,18,7,0,1.0,0.72,0.9364486214431642,Fruit_pod,0.9104313916630216
pods,176,POD-B-v2_REP_0291_jpg.rf.843289e6dc4c5c2900a47bb20010983a.jpg,3060,4080,6,Fruit_pod,2,1,5,1,0.5,0.16666666666666666,0.9533169051632399,Fruit_pod,0.7474343776702881
pods,177,POD-B-v2_CHAL_0077_jpg.rf.27d43e3d6a8b6193dd0f8a41ff86dc37.jpg,3072,4080,16,Fruit_pod,10,10,6,0,1.0,0.625,0.8273184709419448,Fruit_pod,0.7706007361412048
pods,178,POD-B-v2_CHAL_0093_jpg.rf.a102d21737c1372b175c92bc874785da.jpg,2448,3264,11,Fruit_pod,8,6,5,2,0.75,0.5454545454545454,0.9069798691990388,Fruit_pod,0.8535144180059433
pods,179,POD-B-v2_CHAL_0085_jpg.rf.d376b687ef8e2480aa297a71fbd781fb.jpg,3024,4032,27,Fruit_pod,12,10,17,2,0.8333333333333334,0.37037037037037035,0.7875032968428584,Fruit_pod,0.7391342421372732
pods,180,POD-B-v2_CHAL_0072_jpg.rf.2b3e59f9229a857e037d12d2a4dec6e8.jpg,3048,4064,22,Fruit_pod,13,8,14,5,0.6153846153846154,0.36363636363636365,0.8452356607319746,Fruit_pod,0.7682379530026362
pods,181,POD-B-v2_REP_0116_jpg.rf.f5c1e92d1fa8a63190a5564fa84efb99.jpg,768,1024,38,Fruit_pod,12,12,26,0,1.0,0.3157894736842105,0.8266467367444896,Fruit_pod,0.8434465378522873
pods,182,POD-B-v2_NEG_0093_jpg.rf.fff8c9671141cf591e744018fc2962ce.jpg,1024,1024,3,Fruit_pod,0,0,3,0,,0.0,,,
pods,183,POD-B-v2_CHAL_0143_jpg.rf.89fa12bca88c8349e2bd1de11d5eaeae.jpg,1024,768,1,Fruit_pod,0,0,1,0,,0.0,,,
pods,184,POD-B-v2_CHAL_0124_jpg.rf.dccc7db7f78a4dee9d425cf68057a949.jpg,460,1024,2,Fruit_pod,0,0,2,0,,0.0,,,
pods,185,POD-B-v2_CHAL_0131_jpg.rf.ed703ef4beae2a4b3d235636576a802d.jpg,460,1024,7,Fruit_pod,4,2,5,2,0.5,0.2857142857142857,0.7935535962649871,Fruit_pod,0.6484416425228119
pods,186,POD-B-v2_CHAL_0040_jpg.rf.2956243c0fe444d90607b74674613d5c.jpg,1024,1024,36,Fruit_pod,17,14,22,3,0.8235294117647058,0.3888888888888889,0.8150675413229717,Fruit_pod,0.8270115186186398
pods,187,POD-B-v2_REP_0196_jpg.rf.60e94d870a8c07e852f018f9e05514f1.jpg,1872,4160,22,Fruit_pod,12,12,10,0,1.0,0.5454545454545454,0.795534759553577,Fruit_pod,0.910591239730517
pods,188,POD-B-v2_NEG_0022_jpg.rf.e679a99c82967e620fc2c8d01fcdda6b.jpg,3060,4080,0,,0,0,0,0,,,,,
pods,189,POD-B-v2_CHAL_0169_jpg.rf.ed63689491ab9a174e9346dd7c25f61c.jpg,768,1024,2,Fruit_pod,0,0,2,0,,0.0,,,
pods,190,POD-B-v2_REP_0051_jpg.rf.84582202addf3711d7390db80ca2d88d.jpg,3060,4080,10,Fruit_pod,3,3,7,0,1.0,0.3,0.8132169480246109,Fruit_pod,0.7884631752967834
pods,191,POD-B-v2_NEG_0071_jpg.rf.2416df7f74184f16ed50edbbc9c3522c.jpg,768,1024,0,,0,0,0,0,,,,,
pods,192,POD-B-v2_REP_0357_jpg.rf.03dad146d3e42cea614e372c50dfd90f.jpg,1440,1920,10,Fruit_pod,4,4,6,0,1.0,0.4,0.9449650395346452,Fruit_pod,0.8234466314315796
pods,193,POD-B-v2_REP_0404_jpg.rf.28c43a90816dbb35f8cf8e01c3314e73.jpg,1440,1920,22,Fruit_pod,16,14,8,2,0.875,0.6363636363636364,0.9088312685731049,Fruit_pod,0.8341193124651909
pods,194,POD-B-v2_REP_0175_jpg.rf.0e710615c57083189bc52555825fa538.jpg,611,1024,22,Fruit_pod,7,7,15,0,1.0,0.3181818181818182,0.9177420910232984,Fruit_pod,0.8602903229849679
pods,195,POD-B-v2_REP_0280_jpg.rf.22721c107f8a654311a4a72eb12ef78d.jpg,3060,4080,17,Fruit_pod,2,2,15,0,1.0,0.11764705882352941,0.8574542092475571,Fruit_pod,0.7341327667236328
pods,196,POD-B-v2_REP_0298_jpg.rf.b6026079204cc15371476517588135f3.jpg,3060,4080,8,Fruit_pod,1,0,8,1,0.0,0.0,,Fruit_pod,0.5304324626922607
pods,197,POD-B-v2_REP_0325_jpg.rf.bfe794c6ea819c5c8eb39a94d3849ce3.jpg,1440,1920,10,Fruit_pod,2,2,8,0,1.0,0.2,0.9000638937694132,Fruit_pod,0.7053960263729095
pods,198,POD-B-v2_CHAL_0160_jpg.rf.f027724af5136875b88544aa7e51fc0b.jpg,768,1024,3,Fruit_pod,2,1,2,1,0.5,0.3333333333333333,0.9565210557525811,Fruit_pod,0.8995245397090912
pods,199,POD-B-v2_REP_0183_jpg.rf.3937e6d1047375a938fe9057e776cf69.jpg,563,1000,10,Fruit_pod,3,3,7,0,1.0,0.3,0.8890891243400626,Fruit_pod,0.9323089917500814
pods,200,POD-B-v2_CHAL_0038_jpg.rf.8a77bababf7ebb20c248c8bf21016c70.jpg,460,1024,7,Fruit_pod,0,0,7,0,,0.0,,,
pods,201,POD-B-v2_CHAL_0116_jpg.rf.e342188002d4a7ae3a3810ce87ba38af.jpg,768,1024,3,Fruit_pod,2,2,1,0,1.0,0.6666666666666666,0.893397193509821,Fruit_pod,0.9119924306869507
pods,202,POD-B-v2_REP_0350_jpg.rf.4a68189af0a0ec88ebd63702413f1ccc.jpg,1440,1920,9,Fruit_pod,0,0,9,0,,0.0,,,
pods,203,POD-B-v2_REP_0145_jpg.rf.f49f5001fe97e054d85a4460545e049a.jpg,1024,1024,18,Fruit_pod,7,6,12,1,0.8571428571428571,0.3333333333333333,0.8949731487287553,Fruit_pod,0.8735758917672294
pods,204,POD-B-v2_REP_0111_jpg.rf.de669727ebcf061cf3034280496c3f54.jpg,472,1024,5,Fruit_pod,3,3,2,0,1.0,0.6,0.8827323363719831,Fruit_pod,0.6492714881896973
pods,205,POD-B-v2_REP_0137_jpg.rf.8cd3d8657788919febf9d47c93ed8e5d.jpg,1024,1024,13,Fruit_pod,6,6,7,0,1.0,0.46153846153846156,0.8738947903425786,Fruit_pod,0.8913204371929169
pods,206,POD-B-v2_REP_0219_jpg.rf.3c1c1feaac389d055ae4c42267c9b145.jpg,3048,4064,7,Fruit_pod,4,4,3,0,1.0,0.5714285714285714,0.8703363711072466,Fruit_pod,0.9114375859498978
pods,207,POD-B-v2_NEG_0006_jpg.rf.6da64065d2ae61de735afc83e4fa55e7.jpg,3060,4080,0,,0,0,0,0,,,,,
pods,208,POD-B-v2_REP_0217_jpg.rf.81bddbe8dbaa9362b6bdea70e5c22a71.jpg,3048,4064,7,Fruit_pod,7,7,0,0,1.0,1.0,0.8820582195300034,Fruit_pod,0.9180267027446202
pods,209,POD-B-v2_CHAL_0126_jpg.rf.eeeb11ec6aa15e243ee7510c68190741.jpg,768,1024,8,Fruit_pod,2,2,6,0,1.0,0.25,0.9199938270851338,Fruit_pod,0.8373536765575409
pods,210,POD-B-v2_CHAL_0148_jpg.rf.25e8d0e845a07630d31eb5172bcaef99.jpg,438,1024,1,Fruit_pod,0,0,1,0,,0.0,,,
pods,211,POD-B-v2_CHAL_0104_jpg.rf.c7927f3ad303a309f91d57032121a0cc.jpg,3120,4160,2,Fruit_pod,0,0,2,0,,0.0,,,
pods,212,POD-B-v2_CHAL_0027_jpg.rf.1dc6d0c9c27efda5a9b20e0cd271e0e9.jpg,460,1024,9,Fruit_pod,4,3,6,1,0.75,0.3333333333333333,0.7647818052377015,Fruit_pod,0.8360371291637421
pods,213,POD-B-v2_CHAL_0019_jpg.rf.35c24483e6c12547717f96680d4a1df0.jpg,768,1024,5,Fruit_pod,3,1,4,2,0.3333333333333333,0.2,0.843599252461908,Fruit_pod,0.5369501312573751
pods,214,POD-B-v2_REP_0340_jpg.rf.da895c15ba74d954f69fb3a6b560bbf2.jpg,1440,1920,16,Fruit_pod,4,4,12,0,1.0,0.25,0.901929668268172,Fruit_pod,0.7594170719385147
pods,215,POD-B-v2_REP_0363_jpg.rf.07e7476d8492f90be05c50a5e072769c.jpg,1440,1920,46,Fruit_pod,22,20,26,2,0.9090909090909091,0.43478260869565216,0.8757209317238974,Fruit_pod,0.8121966502883218
pods,216,POD-B-v2_CHAL_0039_jpg.rf.7834719224f4ed17baa9e90ba2146679.jpg,1024,1024,10,Fruit_pod,6,4,6,2,0.6666666666666666,0.4,0.7372254597141111,Fruit_pod,0.7682794729868571
pods,217,POD-B-v2_NEG_0098_jpg.rf.9c6b3e710240b98ff104452351126662.jpg,1024,1024,0,,0,0,0,0,,,,,
pods,218,POD-B-v2_CHAL_0156_jpg.rf.13b113ba285a2cf14518b0dea855897f.jpg,1024,768,8,Fruit_pod,4,1,7,3,0.25,0.125,0.7426681286828137,Fruit_pod,0.6714145094156265
pods,219,POD-B-v2_REP_0179_jpg.rf.536be0c51a9b8d11254f8a21dd990b33.jpg,611,1024,12,Fruit_pod,7,7,5,0,1.0,0.5833333333333334,0.9342207562297477,Fruit_pod,0.8937471083232335
pods,220,POD-B-v2_REP_0045_jpg.rf.65da72bc23439ed1bb3a7b40646acd70.jpg,4624,3468,13,Fruit_pod,6,5,8,1,0.8333333333333334,0.38461538461538464,0.8845157851942977,Fruit_pod,0.8000585039456686
pods,221,POD-B-v2_REP_0206_jpg.rf.e47bb341456dac7883712c3a90087aeb.jpg,3120,4160,17,Fruit_pod,7,5,12,2,0.7142857142857143,0.29411764705882354,0.876561956176652,Fruit_pod,0.8550958463123867
pods,222,POD-B-v2_REP_0305_jpg.rf.74ba8a5e901c28ca773ef8b52a0959cf.jpg,3060,4080,6,Fruit_pod,0,0,6,0,,0.0,,,
pods,223,POD-B-v2_REP_0400_jpg.rf.0e53ca185f665bae58c1e1c88c882a81.jpg,1440,1920,16,Fruit_pod,11,10,6,1,0.9090909090909091,0.625,0.8615816075195324,Fruit_pod,0.8821975859728727
pods,224,POD-B-v2_NEG_0091_jpg.rf.7ba2f67ad39e38b81f5316fabb0e735c.jpg,1024,639,0,,0,0,0,0,,,,,
pods,225,POD-B-v2_CHAL_0025_jpg.rf.7d0c949667bc295f36dfb9afb8c6cc02.jpg,768,1024,15,Fruit_pod,2,2,13,0,1.0,0.13333333333333333,0.9183818097457178,Fruit_pod,0.9197669327259064
pods,226,POD-B-v2_NEG_0076_jpg.rf.da1a62532469033b453392bc3c4abee4.jpg,1024,1024,0,,0,0,0,0,,,,,
pods,227,POD-B-v2_REP_0240_jpg.rf.c5320002fc3fe8d950fd7b08511c42d3.jpg,1024,1024,26,Fruit_pod,12,11,15,1,0.9166666666666666,0.4230769230769231,0.7984534869675273,Fruit_pod,0.8633908132712046
pods,228,POD-B-v2_NEG_0092_jpg.rf.d6226db6fa2e6cdecf6b483af82a676f.jpg,1024,1024,4,Fruit_pod,0,0,4,0,,0.0,,,
pods,229,POD-B-v2_REP_0266_jpg.rf.a4ef7ebc35925620b1c083f6ba938f86.jpg,768,1024,17,Fruit_pod,10,9,8,1,0.9,0.5294117647058824,0.8900014053128474,Fruit_pod,0.8577402412891388
pods,230,POD-B-v2_NEG_0078_jpg.rf.36d36a7947918f2f71b65fdebc82d636.jpg,460,1024,0,,0,0,0,0,,,,,
pods,231,POD-B-v2_REP_0140_jpg.rf.a0f9a8ad6cb3c4546b15c4e0981f638a.jpg,1024,1024,13,Fruit_pod,6,5,8,1,0.8333333333333334,0.38461538461538464,0.8164085274047306,Fruit_pod,0.7540808518727621
pods,232,POD-B-v2_CHAL_0125_jpg.rf.67dffe7bc4c2d6e6ec5306ed9a1d69f3.jpg,768,1024,16,Fruit_pod,6,6,10,0,1.0,0.375,0.8187291072541906,Fruit_pod,0.7608862618605295
pods,233,POD-B-v2_REP_0401_jpg.rf.4fd28ef219ebc563d1d2ffb3910466fb.jpg,1440,1920,40,Fruit_pod,5,5,35,0,1.0,0.125,0.8950207761682998,Fruit_pod,0.8473264098167419
pods,234,POD-B-v2_REP_0155_jpg.rf.e793332fab806ea9b0fe422ffdc1f143.jpg,1024,1024,31,Fruit_pod,13,11,20,2,0.8461538461538461,0.3548387096774194,0.8681821873124808,Fruit_pod,0.7668028015356797
pods,235,POD-B-v2_NEG_0046_jpg.rf.8f5ad981c15644409dd1d88fd107f4e1.jpg,3120,4160,2,Fruit_pod,0,0,2,0,,0.0,,,
pods,236,POD-B-v2_REP_0389_jpg.rf.3d363761804f8957b201714002cfbf72.jpg,1440,1920,24,Fruit_pod,11,11,13,0,1.0,0.4583333333333333,0.8622566490841256,Fruit_pod,0.8814413059841503
pods,237,POD-B-v2_REP_0057_jpg.rf.46f15b8ffb1287a0804338a68d9b8f3c.jpg,3060,4080,7,Fruit_pod,6,4,3,2,0.6666666666666666,0.5714285714285714,0.8512956911311055,Fruit_pod,0.8340083658695221
pods,238,POD-B-v2_REP_0223_jpg.rf.acc2d1136d1e853502a07b35ec15136c.jpg,3120,4160,12,Fruit_pod,10,8,4,2,0.8,0.6666666666666666,0.8205754121907769,Fruit_pod,0.7900314807891846
pods,239,POD-B-v2_CHAL_0192_jpg.rf.a398e295b6df537fd8d33f99e78d963a.jpg,768,1024,3,Fruit_pod,1,1,2,0,1.0,0.3333333333333333,0.91072725387174,Fruit_pod,0.4797448515892029
pods,240,POD-B-v2_REP_0092_jpg.rf.2382114bed95f548f4b055912115e315.jpg,472,1024,24,Fruit_pod,7,6,18,1,0.8571428571428571,0.25,0.8341258444446701,Fruit_pod,0.7724372403962272
pods,241,POD-B-v2_REP_0393_jpg.rf.b697b886726be5989010607dc0f19e84.jpg,1440,1920,29,Fruit_pod,14,12,17,2,0.8571428571428571,0.41379310344827586,0.8741898061824802,Fruit_pod,0.823247777564185
pods,242,POD-B-v2_NEG_0038_jpg.rf.e7fd8da96878df20bee6e3b8e4137acb.jpg,2448,3264,0,,0,0,0,0,,,,,
pods,243,POD-B-v2_CHAL_0086_jpg.rf.6414712245598cfe2ee3219c8d746fd5.jpg,3024,4032,8,Fruit_pod,3,2,6,1,0.6666666666666666,0.25,0.8969132144084557,Fruit_pod,0.8136354684829712
pods,244,POD-B-v2_CHAL_0172_jpg.rf.4b953ae58b6ccb6b4cabffd0d6338cbb.jpg,460,1024,10,Fruit_pod,1,1,9,0,1.0,0.1,0.8765489541838444,Fruit_pod,0.8111871480941772
pods,245,POD-B-v2_NEG_0072_jpg.rf.cd2cd63ed8dc48579b87f9af0afcd4a3.jpg,768,1024,0,,0,0,0,0,,,,,
pods,246,POD-B-v2_REP_0278_jpg.rf.c65a9a8fc07a831e5f831e8a2720af37.jpg,3060,4080,6,Fruit_pod,2,2,4,0,1.0,0.3333333333333333,0.9607943000713002,Fruit_pod,0.8538209497928619
pods,247,POD-B-v2_REP_0053_jpg.rf.159ee0f277c7dffac85378abd777be29.jpg,3060,4080,13,Fruit_pod,10,9,4,1,0.9,0.6923076923076923,0.8755789000560492,Fruit_pod,0.8417990684509278
pods,248,POD-B-v2_REP_0088_jpg.rf.8d47498426a74965c35c1097ce9a09c3.jpg,3060,4080,15,Fruit_pod,1,1,14,0,1.0,0.06666666666666667,0.9475253657567875,Fruit_pod,0.47089678049087524
pods,249,POD-B-v2_REP_0297_jpg.rf.bade760551c815a9e479815a4d8f0939.jpg,3060,4080,14,Fruit_pod,3,2,12,1,0.6666666666666666,0.14285714285714285,0.8964504658362933,Fruit_pod,0.6031292279561361
pods,250,POD-B-v2_CHAL_0067_jpg.rf.f8dbc9c8e8d39eb1e8ed3854b3ed01fe.jpg,3264,2448,3,Fruit_pod,0,0,3,0,,0.0,,,
pods,251,POD-B-v2_REP_0144_jpg.rf.f9fb05c01183903c2528d20ef3efbc76.jpg,1024,1024,15,Fruit_pod,7,7,8,0,1.0,0.4666666666666667,0.8499450453069629,Fruit_pod,0.7286469170025417
pods,252,POD-B-v2_REP_0353_jpg.rf.e1d941ae29bebef37e0804f3d98fa1e7.jpg,1440,1920,11,Fruit_pod,2,2,9,0,1.0,0.18181818181818182,0.9356173919701678,Fruit_pod,0.7587264180183411
pods,253,POD-B-v2_REP_0112_jpg.rf.b0b4a70135471c4f9c0606902103a886.jpg,472,1024,12,Fruit_pod,3,3,9,0,1.0,0.25,0.8457173271437894,Fruit_pod,0.934782882531484
pods,254,POD-B-v2_REP_0230_jpg.rf.0fc2e8ab1bc2986fac93b65cfded83e7.jpg,768,1024,16,Fruit_pod,10,9,7,1,0.9,0.5625,0.8922900594703039,Fruit_pod,0.8995981395244599
pods,255,POD-B-v2_CHAL_0087_jpg.rf.f11f589b36d104c259510032c66394af.jpg,1856,4160,12,Fruit_pod,3,3,9,0,1.0,0.25,0.6657889724845979,Fruit_pod,0.7750437060991923
pods,256,POD-B-v2_CHAL_0023_jpg.rf.49159c9de5e617e2933699b38a92fe2b.jpg,460,1024,8,Fruit_pod,2,2,6,0,1.0,0.25,0.6065557062238178,Fruit_pod,0.6125219464302063
pods,257,POD-B-v2_REP_0335_jpg.rf.0a1a108ea46f7e4194e517ebd44015a0.jpg,1440,1920,31,Fruit_pod,7,7,24,0,1.0,0.22580645161290322,0.8883513883461008,Fruit_pod,0.8177746193749564
pods,258,POD-B-v2_REP_0134_jpg.rf.a4ab298d9f3b64d8ea6ecdd4d47fbfb2.jpg,472,1024,13,Fruit_pod,10,9,4,1,0.9,0.6923076923076923,0.89720265652667,Fruit_pod,0.8784808933734893
pods,259,POD-B-v2_REP_0186_jpg.rf.8c06beb41c75ab94e186bc4a11f0655a.jpg,3060,4080,36,Fruit_pod,16,14,22,2,0.875,0.3888888888888889,0.824357721010459,Fruit_pod,0.7069581039249897
pods,260,POD-B-v2_REP_0005_jpg.rf.dba959ed36fd7561603136b7d22057a9.jpg,3000,4000,16,Fruit_pod,9,9,7,0,1.0,0.5625,0.8537217302763156,Fruit_pod,0.7911166151364645
pods,261,POD-B-v2_REP_0151_jpg.rf.3518ca5041ab6cf706d8c961b68e7f0a.jpg,1024,1024,25,Fruit_pod,8,8,17,0,1.0,0.32,0.8458176856253025,Fruit_pod,0.7679726183414459
pods,262,POD-B-v2_REP_0261_jpg.rf.f3b67b03a4e276b8456f085af9b7fc18.jpg,768,1024,40,Fruit_pod,20,17,23,3,0.85,0.425,0.8642460591836288,Fruit_pod,0.7978758186101913
pods,263,POD-B-v2_NEG_0086_jpg.rf.c11b51225f8830a3dc79f8579f8b93d7.jpg,460,1024,0,,0,0,0,0,,,,,
pods,264,POD-B-v2_REP_0231_jpg.rf.cf7d0595accd24f91d869ae9d087498f.jpg,768,1024,13,Fruit_pod,10,9,4,1,0.9,0.6923076923076923,0.8560428274768919,Fruit_pod,0.8539693474769592
pods,265,POD-B-v2_CHAL_0133_jpg.rf.56f1725979d4fbf2e3183a92f6afe8eb.jpg,768,1024,2,Fruit_pod,0,0,2,0,,0.0,,,
pods,266,POD-B-v2_CHAL_0119_jpg.rf.05939ccbcfb14aff342921678baef0d1.jpg,768,1024,11,Fruit_pod,7,7,4,0,1.0,0.6363636363636364,0.8723259363076348,Fruit_pod,0.7123737250055585
pods,267,POD-B-v2_NEG_0055_jpg.rf.ff2d1b0de006413642c420c7809bd158.jpg,3120,4160,0,,0,0,0,0,,,,,
pods,268,POD-B-v2_REP_0018_jpg.rf.a6c2d28f5d0e649460a7d811bff08107.jpg,3000,4000,10,Fruit_pod,3,3,7,0,1.0,0.3,0.865483260544463,Fruit_pod,0.8242601354916891
pods,269,POD-B-v2_REP_0071_jpg.rf.3dea5404425047bca5505e172b10930e.jpg,3060,4080,13,Fruit_pod,9,7,6,2,0.7777777777777778,0.5384615384615384,0.8448202871175995,Fruit_pod,0.8762681086858114
pods,270,POD-B-v2_REP_0311_jpg.rf.6364fcdaad708ce8cf25857bec1ad5d3.jpg,3060,4080,21,Fruit_pod,3,3,18,0,1.0,0.14285714285714285,0.8652997428540754,Fruit_pod,0.7034283876419067
pods,271,POD-B-v2_REP_0209_jpg.rf.a46ce2788180bd1ab029fb3e269b916e.jpg,3120,4160,36,Fruit_pod,17,13,23,4,0.7647058823529411,0.3611111111111111,0.9073102942734749,Fruit_pod,0.8785125262597028
pods,272,POD-B-v2_REP_0284_jpg.rf.b833343e5a81283b75e01c9ef7fc0343.jpg,3060,4080,24,Fruit_pod,2,2,22,0,1.0,0.08333333333333333,0.8165648304699662,Fruit_pod,0.784919410943985
pods,273,POD-B-v2_CHAL_0122_jpg.rf.d5846777600cba86f38d785846d3ab44.jpg,768,1024,1,Fruit_pod,1,1,0,0,1.0,1.0,0.544347466070182,Fruit_pod,0.8159398436546326
pods,274,POD-B-v2_REP_0283_jpg.rf.03f9715d587c86f6071b2bb346979feb.jpg,3060,4080,29,Fruit_pod,15,13,16,2,0.8666666666666667,0.4482758620689655,0.9200536208734178,Fruit_pod,0.8179047743479411
pods,275,POD-B-v2_REP_0074_jpg.rf.c3415adb0a667a0417e22317dbab7980.jpg,3060,4080,15,Fruit_pod,11,9,6,2,0.8181818181818182,0.6,0.8749783907749792,Fruit_pod,0.8741010535847057
pods,276,POD-B-v2_REP_0362_jpg.rf.196242ed0b66021b7d348c9a5011645f.jpg,1440,1920,25,Fruit_pod,8,8,17,0,1.0,0.32,0.7074428712013519,Fruit_pod,0.7661306634545326
pods,277,POD-B-v2_CHAL_0020_jpg.rf.a6488ccb768121d5a56c43c091467b20.jpg,472,1024,5,Fruit_pod,0,0,5,0,,0.0,,,
pods,278,POD-B-v2_CHAL_0018_jpg.rf.905888bb2da50d853286a2a7b161505e.jpg,1024,460,3,Fruit_pod,0,0,3,0,,0.0,,,
pods,279,POD-B-v2_NEG_0084_jpg.rf.1c35153db4754ff61b30278eba953545.jpg,1024,460,2,Fruit_pod,0,0,2,0,,0.0,,,
pods,280,POD-B-v2_REP_0125_jpg.rf.02a2dc5571c57550caeb0488391e6277.jpg,472,1024,7,Fruit_pod,3,3,4,0,1.0,0.42857142857142855,0.8466684487374733,Fruit_pod,0.9350357254346212
pods,281,POD-B-v2_REP_0188_jpg.rf.8c0c9be9479c6b1f26f6b99fce695fdd.jpg,3060,4080,29,Fruit_pod,19,16,13,3,0.8421052631578947,0.5517241379310345,0.9106550927587886,Fruit_pod,0.8509617636078283
pods,282,POD-B-v2_REP_0076_jpg.rf.c9bd905648aef26dcf7b93dd6ebf7739.jpg,3060,4080,12,Fruit_pod,8,7,5,1,0.875,0.5833333333333334,0.893528450875032,Fruit_pod,0.8504135310649872
pods,283,POD-B-v2_NEG_0094_jpg.rf.0a622d615cb6b45dbc5d059589660251.jpg,1024,554,1,Fruit_pod,0,0,1,0,,0.0,,,
pods,284,POD-B-v2_NEG_0099_jpg.rf.cd0bd89cd82f97567c2a51b7d9e760cd.jpg,768,1024,0,,0,0,0,0,,,,,
pods,285,POD-B-v2_REP_0229_jpg.rf.9ef78e74632c483455a60a84fd1da323.jpg,768,1024,10,Fruit_pod,6,5,5,1,0.8333333333333334,0.5,0.876782031388131,Fruit_pod,0.7943570415178934
pods,286,POD-B-v2_REP_0319_jpg.rf.65b5b6bf2be1d27bd8d0e83919608946.jpg,1440,1920,8,Fruit_pod,0,0,8,0,,0.0,,,
pods,287,POD-B-v2_REP_0180_jpg.rf.18794c08a0e5b93bfdb31d1627692fe2.jpg,611,1024,13,Fruit_pod,5,3,10,2,0.6,0.23076923076923078,0.9164411070481465,Fruit_pod,0.8895986199378967
pods,288,POD-B-v2_REP_0388_jpg.rf.f1192b6e9cf322f1720dfd45b94a585e.jpg,1440,1920,25,Fruit_pod,14,13,12,1,0.9285714285714286,0.52,0.8485622990523558,Fruit_pod,0.8326072905744825
pods,289,POD-B-v2_NEG_0083_jpg.rf.23d93d3429b4bfb512996ad0cffcc8ac.jpg,1024,1024,2,Fruit_pod,0,0,2,0,,0.0,,,
pods,290,POD-B-v2_CHAL_0136_jpg.rf.aa30f154792734c9da22241f75e527e1.jpg,765,1020,6,Fruit_pod,1,1,5,0,1.0,0.16666666666666666,0.6852559225841739,Fruit_pod,0.5206996202468872
pods,291,POD-B-v2_REP_0050_jpg.rf.fbc1a3b3a85eb5f326cee43129dff77b.jpg,3060,4080,3,Fruit_pod,2,2,1,0,1.0,0.6666666666666666,0.9749964509293572,Fruit_pod,0.7879393398761749
pods,292,POD-B-v2_CHAL_0144_jpg.rf.0b691b0893c16953476c2caace390dac.jpg,768,1024,9,Fruit_pod,4,4,5,0,1.0,0.4444444444444444,0.7936725693580512,Fruit_pod,0.6581466197967529
pods,293,POD-B-v2_NEG_0079_jpg.rf.731deb9d6798e103df6790ebfe856459.jpg,460,1024,0,,0,0,0,0,,,,,
pods,294,POD-B-v2_REP_0192_jpg.rf.efc8dabc64daf8ca336f38edf895f294.jpg,3072,4080,11,Fruit_pod,9,8,3,1,0.8888888888888888,0.7272727272727273,0.851378424837429,Fruit_pod,0.8258341683281792
pods,295,POD-B-v2_CHAL_0102_jpg.rf.4d5fe798541ac32f4ee5b3d9d2961939.jpg,3120,4160,4,Fruit_pod,0,0,4,0,,0.0,,,
pods,296,POD-B-v2_REP_0300_jpg.rf.d72d98866ff9c81e6e25dc1cf829fd35.jpg,3060,4080,13,Fruit_pod,0,0,13,0,,0.0,,,
pods,297,POD-B-v2_CHAL_0139_jpg.rf.3ea49e664330f64ccbc8ebdaa74ea19e.jpg,1024,768,4,Fruit_pod,0,0,4,0,,0.0,,,
pods,298,POD-B-v2_REP_0176_jpg.rf.85c7311e9a312cc512e95dd2bdeb5040.jpg,611,1024,17,Fruit_pod,6,6,11,0,1.0,0.35294117647058826,0.8801473970571702,Fruit_pod,0.7847028970718384
pods,299,POD-B-v2_REP_0204_jpg.rf.370750c93ae71affd7ebddb51b194944.jpg,1872,4160,9,Fruit_pod,6,5,4,1,0.8333333333333334,0.5555555555555556,0.9166732396189993,Fruit_pod,0.8967983027299246
pods,300,POD-B-v2_CHAL_0082_jpg.rf.25640571db669d7158bdbce0c9e65dfc.jpg,3024,4032,7,Fruit_pod,6,6,1,0,1.0,0.8571428571428571,0.8255543545720592,Fruit_pod,0.8515213231245676
pods,301,POD-B-v2_REP_0361_jpg.rf.be3e26d45be653a27b1b867a11dd38f6.jpg,1440,1920,24,Fruit_pod,8,6,18,2,0.75,0.25,0.8963032340425799,Fruit_pod,0.7238974124193192
pods,302,POD-B-v2_NEG_0024_jpg.rf.43dbf7c93a9464cbcd0e0cad8b3d7a8e.jpg,3060,4080,0,,0,0,0,0,,,,,
pods,303,POD-B-v2_REP_0212_jpg.rf.a1cdf67079aa164e80ecdf6a232fb87c.jpg,3120,4160,13,Fruit_pod,6,5,8,1,0.8333333333333334,0.38461538461538464,0.8282294673173226,Fruit_pod,0.7756116390228271
pods,304,POD-B-v2_CHAL_0079_jpg.rf.3ebcf1d217263fb52c2a80bd8d331b73.jpg,3072,4080,9,Fruit_pod,1,0,9,1,0.0,0.0,,Fruit_pod,0.4067213535308838
pods,305,POD-B-v2_CHAL_0154_jpg.rf.a2568a7fc51f05cc100d7e171bd4e7f7.jpg,768,1024,4,Fruit_pod,2,1,3,1,0.5,0.25,0.926279558087935,Fruit_pod,0.623308926820755
pods,306,POD-B-v2_REP_0390_jpg.rf.48118711a62cf5a94589085e9e53bc3e.jpg,1440,1920,30,Fruit_pod,18,16,14,2,0.8888888888888888,0.5333333333333333,0.8760665979192537,Fruit_pod,0.7725757194889916
pods,307,POD-B-v2_REP_0355_jpg.rf.d4ff52479ddfaca32a5fbf85ec5f44ad.jpg,1440,1920,17,Fruit_pod,2,2,15,0,1.0,0.11764705882352941,0.6639686474595228,Fruit_pod,0.7870499789714813
pods,308,POD-B-v2_CHAL_0057_jpg.rf.d1211c13e8c6fca4923715fe4d9f6e92.jpg,3264,2448,4,Fruit_pod,0,0,4,0,,0.0,,,
pods,309,POD-B-v2_REP_0301_jpg.rf.e5bca31230161e97ef132df74f63bb37.jpg,3060,4080,18,Fruit_pod,1,1,17,0,1.0,0.05555555555555555,0.9696638688288619,Fruit_pod,0.9517920613288879
pods,310,POD-B-v2_REP_0346_jpg.rf.c9ff1a6aefdb97f04787f4b9220f71ec.jpg,1440,1920,21,Fruit_pod,7,7,14,0,1.0,0.3333333333333333,0.8709688763110593,Fruit_pod,0.8784755638667515
pods,311,POD-B-v2_CHAL_0170_jpg.rf.5b1984f51b20d557024c2892677be271.jpg,768,1024,2,Fruit_pod,1,1,1,0,1.0,0.5,0.6625934657954305,Fruit_pod,0.7127519249916077
pods,312,POD-B-v2_CHAL_0186_jpg.rf.6ffb2212447362914be9a6bded54af2d.jpg,456,1024,11,Fruit_pod,0,0,11,0,,0.0,,,
pods,313,POD-B-v2_CHAL_0012_jpg.rf.d6e89be23efab261033db51e3121d1e2.jpg,3060,4080,8,Fruit_pod,0,0,8,0,,0.0,,,
pods,314,POD-B-v2_CHAL_0029_jpg.rf.afe626645da6858a97c0e49ab55b14b3.jpg,460,1024,4,Fruit_pod,0,0,4,0,,0.0,,,
pods,315,POD-B-v2_REP_0303_jpg.rf.1fd6c9d1c53adea7f8d7005812a3f491.jpg,3060,4080,6,Fruit_pod,3,3,3,0,1.0,0.5,0.9248991632495486,Fruit_pod,0.8976205984751383
pods,316,POD-B-v2_REP_0369_jpg.rf.87d705105cbd68741d4272b0e4f5264a.jpg,1440,1920,32,Fruit_pod,20,20,12,0,1.0,0.625,0.957784177643705,Fruit_pod,0.9470203310251236
pods,317,POD-B-v2_CHAL_0073_jpg.rf.1b16911e79ee5d3f26b4a75f640385b2.jpg,3048,4064,43,Fruit_pod,20,17,26,3,0.85,0.3953488372093023,0.8106598970342038,Fruit_pod,0.7631591558456421
pods,318,POD-B-v2_REP_0336_jpg.rf.b1f8ec007054c15965dca43698bd0dbe.jpg,1440,1920,28,Fruit_pod,6,5,23,1,0.8333333333333334,0.17857142857142858,0.7892586526558709,Fruit_pod,0.7016067504882812
pods,319,POD-B-v2_CHAL_0190_jpg.rf.bcfd2ac9e0c0d54bf09da9a22926112e.jpg,768,1024,29,Fruit_pod,8,8,21,0,1.0,0.27586206896551724,0.8118897485871097,Fruit_pod,0.7135892808437347
pods,320,POD-B-v2_REP_0098_jpg.rf.6d2ce50e1acdb6ce2e8de58c1ba296e9.jpg,472,1024,6,Fruit_pod,2,2,4,0,1.0,0.3333333333333333,0.8362047313337457,Fruit_pod,0.8474263548851013
pods,321,POD-B-v2_REP_0148_jpg.rf.643e32b09ce6377ca43de950d8480560.jpg,1024,1024,14,Fruit_pod,10,10,4,0,1.0,0.7142857142857143,0.7998073394955673,Fruit_pod,0.8454157888889313
pods,322,POD-B-v2_REP_0024_jpg.rf.bf0a56b9942f75e256ef63de946c6918.jpg,3468,4624,7,Fruit_pod,2,2,5,0,1.0,0.2857142857142857,0.8186536998817042,Fruit_pod,0.7620307803153992
pods,323,POD-B-v2_REP_0187_jpg.rf.788f1878d71a1cc308bd51b95d586fb7.jpg,563,1000,23,Fruit_pod,10,9,14,1,0.9,0.391304347826087,0.8182838103903509,Fruit_pod,0.7639343678951264
pods,324,POD-B-v2_REP_0262_jpg.rf.765f67099d4ff40a3648fa3eac4d6e01.jpg,438,1024,25,Fruit_pod,9,6,19,3,0.6666666666666666,0.24,0.9170859460421236,Fruit_pod,0.6911271082030402
pods,325,POD-B-v2_NEG_0016_jpg.rf.21026a4b0f9cf11e082491ff342e9463.jpg,3060,4080,0,,0,0,0,0,,,,,
pods,326,POD-B-v2_REP_0080_jpg.rf.cb8ea0ee43c3b8f8a5cc3708fbe7236c.jpg,3060,4080,11,Fruit_pod,3,2,9,1,0.6666666666666666,0.18181818181818182,0.7862333078202228,Fruit_pod,0.8149118224779764
pods,327,POD-B-v2_REP_0386_jpg.rf.ab2973a8bcada082dd1f15478ecc3ed3.jpg,1440,1920,10,Fruit_pod,7,6,4,1,0.8571428571428571,0.6,0.8641563295680879,Fruit_pod,0.8218614033290318
pods,328,POD-B-v2_REP_0094_jpg.rf.e20d04a5da05d244ac163fcde00c0b68.jpg,576,1024,10,Fruit_pod,6,6,4,0,1.0,0.6,0.804949219305621,Fruit_pod,0.8280641039212545
pods,329,POD-B-v2_REP_0252_jpg.rf.2d4e9dbfc8584a99fa917168de14fd2e.jpg,438,1024,20,Fruit_pod,12,11,9,1,0.9166666666666666,0.55,0.8197035527711453,Fruit_pod,0.7949117720127106
pods,330,POD-B-v2_REP_0384_jpg.rf.c8c83981bacb2d49db3df9cc9f2e214b.jpg,1440,1920,22,Fruit_pod,7,7,15,0,1.0,0.3181818181818182,0.9089765007170499,Fruit_pod,0.8278975401605878
pods,331,POD-B-v2_REP_0256_jpg.rf.f68538a4339553b75de1828ffa82ab09.jpg,768,1024,7,Fruit_pod,3,3,4,0,1.0,0.42857142857142855,0.8033094879557274,Fruit_pod,0.7605015238126119
pods,332,POD-B-v2_CHAL_0140_jpg.rf.124f11cd5885f87a75e5e89d779bbc84.jpg,768,1024,10,Fruit_pod,0,0,10,0,,0.0,,,
pods,333,POD-B-v2_REP_0060_jpg.rf.19627aa0d1772306b8277fbda42925cf.jpg,3060,4080,20,Fruit_pod,10,8,12,2,0.8,0.4,0.8921865573029851,Fruit_pod,0.7196456670761109
pods,334,POD-B-v2_REP_0069_jpg.rf.7e72e93dfa058338cb9a8b5990db38bf.jpg,3060,4080,19,Fruit_pod,9,6,13,3,0.6666666666666666,0.3157894736842105,0.8049443949609576,Fruit_pod,0.8250376515918307
pods,335,POD-B-v2_REP_0011_jpg.rf.1f57134daf97d307a0a4724af4db8e2c.jpg,3000,4000,7,Fruit_pod,5,4,3,1,0.8,0.5714285714285714,0.8424552520544979,Fruit_pod,0.8968654870986938
pods,336,POD-B-v2_REP_0032_jpg.rf.9bb671e2cf566f4dc45945f7bfb63f0d.jpg,3060,4080,7,Fruit_pod,2,1,6,1,0.5,0.14285714285714285,0.7646652785282123,Fruit_pod,0.5382732450962067
pods,337,POD-B-v2_REP_0306_jpg.rf.64d5e57a93bbafb3f3c8970a04b871b1.jpg,3060,4080,4,Fruit_pod,0,0,4,0,,0.0,,,
pods,338,POD-B-v2_REP_0197_jpg.rf.30d5bb1e02aa8004925cd4e11f04b296.jpg,1872,4160,15,Fruit_pod,15,12,3,3,0.8,0.8,0.9075141453165344,Fruit_pod,0.8925785660743714
pods,339,POD-B-v2_CHAL_0010_jpg.rf.eea1926546b8a31f38c9faaf2587933d.jpg,3060,4080,22,Fruit_pod,15,13,9,2,0.8666666666666667,0.5909090909090909,0.8365596077224156,Fruit_pod,0.7832724253336588
pods,340,POD-B-v2_REP_0198_jpg.rf.075ebe8657abb0bbd3476746b6902519.jpg,2448,3264,10,Fruit_pod,9,7,3,2,0.7777777777777778,0.7,0.7363758402846824,Fruit_pod,0.7846098277303908
pods,341,POD-B-v2_REP_0070_jpg.rf.6e5896997c5d8ee9b6d8f0adc43fc8fb.jpg,3060,4080,18,Fruit_pod,15,12,6,3,0.8,0.6666666666666666,0.9526866556303344,Fruit_pod,0.9276653289794922
pods,342,POD-B-v2_REP_0101_jpg.rf.1c9e765e30a7f6971fc7e939e904935d.jpg,472,1024,11,Fruit_pod,6,5,6,1,0.8333333333333334,0.45454545454545453,0.8349419484756899,Fruit_pod,0.7336696982383728
pods,343,POD-B-v2_CHAL_0100_jpg.rf.bf9a8ffb5bdfc86a0bf689288314c398.jpg,3060,4080,51,Fruit_pod,33,26,25,7,0.7878787878787878,0.5098039215686274,0.83924283595988,Fruit_pod,0.8108249740167097
pods,344,POD-B-v2_REP_0221_jpg.rf.3cc576f3a7d8483e7d57dff2fbeb1702.jpg,3120,4160,10,Fruit_pod,4,4,6,0,1.0,0.4,0.8217582307983929,Fruit_pod,0.8638627827167511
pods,345,POD-B-v2_REP_0293_jpg.rf.979b8366e3a265a594def8a6faa4129e.jpg,3060,4080,9,Fruit_pod,4,4,5,0,1.0,0.4444444444444444,0.9256798609331326,Fruit_pod,0.8234593272209167
pods,346,POD-B-v2_REP_0383_jpg.rf.9c9316a9cbb8fd035db0c06bccc5dd09.jpg,1440,1920,38,Fruit_pod,9,8,30,1,0.8888888888888888,0.21052631578947367,0.9406931862221144,Fruit_pod,0.6713922487364875
pods,347,POD-B-v2_REP_0202_jpg.rf.caa2c5de3d5ba9919a72779cf9e73a5a.jpg,3120,4160,17,Fruit_pod,9,7,10,2,0.7777777777777778,0.4117647058823529,0.8420605847587798,Fruit_pod,0.8366760280397203
pods,348,POD-B-v2_REP_0169_jpg.rf.2c7682cac60a076525803d01f40f5e9c.jpg,611,1024,8,Fruit_pod,3,3,5,0,1.0,0.375,0.7960557269796452,Fruit_pod,0.7703632116317749
pods,349,POD-B-v2_REP_0320_jpg.rf.d8c04e3efd8eabe17185f1cfda8ff568.jpg,1440,1920,19,Fruit_pod,9,8,11,1,0.8888888888888888,0.42105263157894735,0.9051500543092643,Fruit_pod,0.8329590227868822
pods,350,POD-B-v2_NEG_0087_jpg.rf.9d67216ffdb9e299646f44324a5c1f58.jpg,768,1024,0,,0,0,0,0,,,,,
pods,351,POD-B-v2_REP_0019_jpg.rf.5ab72a7f3f7436e5adc308a3c610026a.jpg,4000,3000,8,Fruit_pod,4,4,4,0,1.0,0.5,0.968608275819486,Fruit_pod,0.9029694199562073
pods,352,POD-B-v2_CHAL_0070_jpg.rf.047c65f83981226122b48f0aa33f259e.jpg,3264,2448,2,Fruit_pod,0,0,2,0,,0.0,,,
pods,353,POD-B-v2_CHAL_0167_jpg.rf.e0d70233c87e923738c39fac7d95af76.jpg,768,1024,6,Fruit_pod,0,0,6,0,,0.0,,,
pods,354,POD-B-v2_CHAL_0048_jpg.rf.9ccd82a516e6a7e4b91670559309ad6f.jpg,611,1024,5,Fruit_pod,0,0,5,0,,0.0,,,
pods,355,POD-B-v2_REP_0102_jpg.rf.0f1a04ae28538d89c8e33bfd52bd0931.jpg,472,1024,11,Fruit_pod,5,5,6,0,1.0,0.45454545454545453,0.8417947236474126,Fruit_pod,0.6229253292083741
pods,356,POD-B-v2_REP_0249_jpg.rf.f2acb4feb56babf6940b13a2baa5f777.jpg,768,1024,13,Fruit_pod,9,7,6,2,0.7777777777777778,0.5384615384615384,0.8362892308367991,Fruit_pod,0.7447229425112406
pods,357,POD-B-v2_CHAL_0008_jpg.rf.1c39130386d75b4a8ded06e593d0f7b8.jpg,3060,4080,29,Fruit_pod,14,13,16,1,0.9285714285714286,0.4482758620689655,0.8806983471037633,Fruit_pod,0.8618223156247821
pods,358,POD-B-v2_CHAL_0046_jpg.rf.efb0fa43b724600c8dc8f126b060b943.jpg,611,1024,11,Fruit_pod,7,5,6,2,0.7142857142857143,0.45454545454545453,0.9064498657545984,Fruit_pod,0.8213733775275094
pods,359,POD-B-v2_REP_0122_jpg.rf.c46ca01b89eb116e2e35b625e2c8f127.jpg,472,1024,8,Fruit_pod,3,3,5,0,1.0,0.375,0.8976666378407575,Fruit_pod,0.8957716226577759
pods,360,POD-B-v2_CHAL_0138_jpg.rf.9b6618029921ab9eca9bdcf625b2b387.jpg,460,1024,3,Fruit_pod,0,0,3,0,,0.0,,,
pods,361,POD-B-v2_REP_0235_jpg.rf.5435617bf79f55195db6aa9bc5bf9044.jpg,768,1024,6,Fruit_pod,3,2,4,1,0.6666666666666666,0.3333333333333333,0.7014026473055124,Fruit_pod,0.6581738988558451
pods,362,POD-B-v2_REP_0170_jpg.rf.2beb45addcb7b18260c3bc6e0a0cddf3.jpg,611,1024,17,Fruit_pod,3,3,14,0,1.0,0.17647058823529413,0.7899795170689493,Fruit_pod,0.9291029969851176
pods,363,POD-B-v2_REP_0152_jpg.rf.a22366b53ab03188acf47ba2cece2397.jpg,1024,1024,9,Fruit_pod,3,3,6,0,1.0,0.3333333333333333,0.9309635731344913,Fruit_pod,0.937931478023529
pods,364,POD-B-v2_CHAL_0112_jpg.rf.2c24ba3c55d3df7644943ac80aef6345.jpg,3000,4000,1,Fruit_pod,2,1,0,1,0.5,1.0,0.7803947645657483,Fruit_pod,0.7896896302700043
pods,365,POD-B-v2_REP_0205_jpg.rf.bb3c4d594da65688f68ff3c26ff774eb.jpg,2448,3264,13,Fruit_pod,6,6,7,0,1.0,0.46153846153846156,0.87549791855088,Fruit_pod,0.7587749262650808
pods,366,POD-B-v2_NEG_0056_jpg.rf.beb98716fc379d915be04cfc9fc5110b.jpg,3120,4160,0,,0,0,0,0,,,,,
pods,367,POD-B-v2_CHAL_0056_jpg.rf.f84e857bf1ed066067932d1a4919ef66.jpg,3120,4160,0,,0,0,0,0,,,,,
pods,368,POD-B-v2_CHAL_0194_jpg.rf.14d95b1ce6cc756469e93a7fb1b0fbf8.jpg,3060,4080,6,Fruit_pod,1,1,5,0,1.0,0.16666666666666666,0.9008705022941074,Fruit_pod,0.9246923327445984
pods,369,POD-B-v2_NEG_0058_jpg.rf.b399d9ead0654c58d0326ed8df29a920.jpg,3120,4160,0,,0,0,0,0,,,,,
pods,370,POD-B-v2_NEG_0029_jpg.rf.1de46303fcbecadca31dad186ddb164f.jpg,3060,4080,0,,0,0,0,0,,,,,
pods,371,POD-B-v2_REP_0275_jpg.rf.24c327b28877173b891cfa3ff6a7255b.jpg,3060,4080,12,Fruit_pod,4,4,8,0,1.0,0.3333333333333333,0.853064941031341,Fruit_pod,0.7994512915611267
pods,372,POD-B-v2_REP_0078_jpg.rf.c02ebe4cf2678bb33d5f9a8eddccd752.jpg,3060,4080,10,Fruit_pod,5,5,5,0,1.0,0.5,0.8940878786325136,Fruit_pod,0.9405165195465088
pods,373,POD-B-v2_REP_0310_jpg.rf.abd8ff7a0441aef9053ecf37f5481e5f.jpg,3060,4080,26,Fruit_pod,3,3,23,0,1.0,0.11538461538461539,0.8803196860595102,Fruit_pod,0.8444358110427856
pods,374,POD-B-v2_CHAL_0115_jpg.rf.1304f256c2cbb3278bb3a609d83daa13.jpg,1024,768,0,,1,0,0,1,0.0,,,Fruit_pod,0.5316819548606873
pods,375,POD-B-v2_REP_0282_jpg.rf.971cd91cb24206e16998a29144fcddf9.jpg,3060,4080,14,Fruit_pod,3,3,11,0,1.0,0.21428571428571427,0.8759846867197777,Fruit_pod,0.8392992615699768
pods,376,POD-B-v2_REP_0062_jpg.rf.ccfd92062d3cbd6b95a4be9a0afa94e8.jpg,3060,4080,26,Fruit_pod,15,12,14,3,0.8,0.46153846153846156,0.8243669666481633,Fruit_pod,0.8489524523417155
pods,377,POD-B-v2_CHAL_0075_jpg.rf.b58c5e0a3789af6e45a50fdbd154e664.jpg,3072,4080,6,Fruit_pod,2,2,4,0,1.0,0.3333333333333333,0.9069732867827702,Fruit_pod,0.7393139600753784
pods,378,POD-B-v2_CHAL_0088_jpg.rf.8c1b9f8fe007a5c6d1e04caaac05f64d.jpg,1872,4160,9,Fruit_pod,9,7,2,2,0.7777777777777778,0.7777777777777778,0.9581719121402967,Fruit_pod,0.788125197092692
pods,379,POD-B-v2_CHAL_0009_jpg.rf.bb7ad1f7650d5e2e91ed18e3ad6b34d2.jpg,3060,4080,8,Fruit_pod,4,4,4,0,1.0,0.5,0.8393289455127833,Fruit_pod,0.8762606084346771
pods,380,POD-B-v2_NEG_0105_jpg.rf.247c11e174369fec3df977f2d1511ca5.jpg,768,1024,0,,0,0,0,0,,,,,
pods,381,POD-B-v2_REP_0181_jpg.rf.eb133e4d4aa96b0b62033bf0f43603ad.jpg,563,1000,39,Fruit_pod,22,18,21,4,0.8181818181818182,0.46153846153846156,0.8007487096695086,Fruit_pod,0.7664516866207123
pods,382,POD-B-v2_REP_0120_jpg.rf.a054cdf22fe575020203aecfb64fb5b1.jpg,472,1024,7,Fruit_pod,1,1,6,0,1.0,0.14285714285714285,0.8844752384248149,Fruit_pod,0.8957095146179199
pods,383,POD-B-v2_NEG_0080_jpg.rf.1e9b06e9b03f1616963aee61fd318def.jpg,768,1024,0,,0,0,0,0,,,,,
pods,384,POD-B-v2_CHAL_0058_jpg.rf.80b8d311e32021e0ea1d71f94d333631.jpg,563,1000,2,Fruit_pod,2,1,1,1,0.5,0.5,0.8976942214465065,Fruit_pod,0.6561561524868011
pods,385,POD-B-v2_REP_0189_jpg.rf.9a1127c13fe6db8f670ce654a43783cc.jpg,3060,4080,16,Fruit_pod,7,7,9,0,1.0,0.4375,0.7863864863935822,Fruit_pod,0.8315577847617013
pods,386,POD-B-v2_REP_0201_jpg.rf.a72d5baef0d2921d344f9391ed80d931.jpg,3120,4160,24,Fruit_pod,13,12,12,1,0.9230769230769231,0.5,0.8701351879652636,Fruit_pod,0.882306442810939
pods,387,POD-B-v2_REP_0396_jpg.rf.87fdf2f8698e0bd2f1d8c3baccc9a128.jpg,1440,1920,29,Fruit_pod,11,10,19,1,0.9090909090909091,0.3448275862068966,0.8584791444724355,Fruit_pod,0.7561004649509083
pods,388,POD-B-v2_REP_0026_jpg.rf.9072c173a731cda17c9d56f9a6c15995.jpg,3468,4624,12,Fruit_pod,7,5,7,2,0.7142857142857143,0.4166666666666667,0.9208257232738213,Fruit_pod,0.85256541626794
pods,389,POD-B-v2_NEG_0037_jpg.rf.6086dc90fdcd692710ae287683cc3fc3.jpg,3060,4080,0,,0,0,0,0,,,,,
pods,390,POD-B-v2_REP_0270_jpg.rf.d318c03e7bc616559d17886a013f2c1b.jpg,711,1024,33,Fruit_pod,17,15,18,2,0.8823529411764706,0.45454545454545453,0.819847068795665,Fruit_pod,0.7691059252795052
pods,391,POD-B-v2_NEG_0018_jpg.rf.85428fbfbd904b0c7b84a4303640bf1e.jpg,3060,4080,0,,0,0,0,0,,,,,
pods,392,POD-B-v2_NEG_0010_jpg.rf.2313b1e7b37b9efc187cb7e33866bd42.jpg,3060,4080,0,,0,0,0,0,,,,,
pods,393,POD-B-v2_REP_0272_jpg.rf.37bb253c04c1e80793103ae6b0fd90d7.jpg,3060,4080,12,Fruit_pod,2,2,10,0,1.0,0.16666666666666666,0.6645354121481175,Fruit_pod,0.6635415852069855
pods,394,POD-B-v2_CHAL_0078_jpg.rf.59993db91330b79ca4fb439cfc2fc51a.jpg,3072,4080,13,Fruit_pod,10,9,4,1,0.9,0.6923076923076923,0.871310037963871,Fruit_pod,0.8571159899234772
pods,395,POD-B-v2_REP_0352_jpg.rf.dc0ee996598c3126178a27e9bfb9955c.jpg,1440,1920,16,Fruit_pod,8,8,8,0,1.0,0.5,0.9040910528993317,Fruit_pod,0.7776757925748825
pods,396,POD-B-v2_NEG_0107_jpg.rf.85e580f0ba0726f9583af62be5de3d17.jpg,1440,1920,0,,0,0,0,0,,,,,
pods,397,POD-B-v2_REP_0149_jpg.rf.69b5d54a171c89dea1cb0497b9625634.jpg,1024,1024,13,Fruit_pod,8,7,6,1,0.875,0.5384615384615384,0.8209953653288115,Fruit_pod,0.8218878731131554
pods,398,POD-B-v2_REP_0135_jpg.rf.5a340c1b6bc82fa2941f45f692d71b74.jpg,472,1024,10,Fruit_pod,6,6,4,0,1.0,0.6,0.8779498686351185,Fruit_pod,0.7599839270114899
pods,399,POD-B-v2_CHAL_0151_jpg.rf.51c9197f4173aca94ca0b2f315381f53.jpg,768,1024,4,Fruit_pod,0,0,4,0,,0.0,,,
pods,400,POD-B-v2_CHAL_0049_jpg.rf.c63d9c270dc72e3f0d3f52efb8cc5c6d.jpg,611,1024,11,Fruit_pod,0,0,11,0,,0.0,,,
pods,401,POD-B-v2_CHAL_0120_jpg.rf.1c350abbb3d90354444b5ef4930851f4.jpg,438,1024,1,Fruit_pod,1,1,0,0,1.0,1.0,0.6648923326630056,Fruit_pod,0.4832614064216614
pods,402,POD-B-v2_REP_0042_jpg.rf.6c354a030a8b7533ecefd8dd6a70e043.jpg,3468,4624,8,Fruit_pod,4,3,5,1,0.75,0.375,0.8552639949450113,Fruit_pod,0.7502895295619965
pods,403,POD-B-v2_REP_0402_jpg.rf.f97080a7eeb31ddca711a39839379842.jpg,1440,1920,55,Fruit_pod,4,4,51,0,1.0,0.07272727272727272,0.7805632400466375,Fruit_pod,0.8257796466350555
pods,404,POD-B-v2_REP_0138_jpg.rf.02b6a6557f49d0ddc88434326cc0e9f7.jpg,1024,1024,15,Fruit_pod,4,4,11,0,1.0,0.26666666666666666,0.9072269542107403,Fruit_pod,0.6019230931997299
pods,405,POD-B-v2_NEG_0009_jpg.rf.888c0391b0c93e13205c778b5b3d2cb0.jpg,3060,4080,0,,0,0,0,0,,,,,
pods,406,POD-B-v2_REP_0058_jpg.rf.676b52156d8470b1af29c96c6553505b.jpg,3060,4080,39,Fruit_pod,23,18,21,5,0.782608695652174,0.46153846153846156,0.811589119092781,Fruit_pod,0.8200944091962732
pods,407,POD-B-v2_REP_0214_jpg.rf.b670a26467c67b83cbac651da1754228.jpg,3060,4080,28,Fruit_pod,12,9,19,3,0.75,0.32142857142857145,0.8663806579580283,Fruit_pod,0.8296732405821482
pods,408,POD-B-v2_CHAL_0089_jpg.rf.d43ab17949ba079fe09aafd82783d434.jpg,1872,4160,12,Fruit_pod,14,10,2,4,0.7142857142857143,0.8333333333333334,0.8020573829624571,Fruit_pod,0.7276091405323574
pods,409,POD-B-v2_REP_0195_jpg.rf.ef572f2fbf3a089f454483c1d6f130e7.jpg,3120,4160,9,Fruit_pod,4,4,5,0,1.0,0.4444444444444444,0.9222868246118833,Fruit_pod,0.8971531838178635
pods,410,POD-B-v2_REP_0281_jpg.rf.49e5aecb5617f14058ba70cdd6a6b7e5.jpg,3060,4080,17,Fruit_pod,2,2,15,0,1.0,0.11764705882352941,0.9676600730385727,Fruit_pod,0.726123720407486
pods,411,POD-B-v2_CHAL_0127_jpg.rf.5e9464a1ec01bc741acc502f22083692.jpg,460,1024,5,Fruit_pod,0,0,5,0,,0.0,,,
pods,412,POD-B-v2_REP_0023_jpg.rf.22555abb30f4ffa84234add679eed303.jpg,3468,4624,14,Fruit_pod,3,2,12,1,0.6666666666666666,0.14285714285714285,0.9117656189667978,Fruit_pod,0.6767080823580424
pods,413,POD-B-v2_NEG_0031_jpg.rf.3afc5b21f09f5c5fcb57d9502db00d87.jpg,3060,4080,0,,0,0,0,0,,,,,
pods,414,POD-B-v2_REP_0309_jpg.rf.ef85d2da33c08dddd170f92e8e2345d8.jpg,3060,4080,21,Fruit_pod,1,1,20,0,1.0,0.047619047619047616,0.9136364089604984,Fruit_pod,0.9246748685836792
pods,415,POD-B-v2_NEG_0048_jpg.rf.a3262f11365a5fb9e1c8866f11bdfa84.jpg,3120,4160,0,,0,0,0,0,,,,,
pods,416,POD-B-v2_REP_0264_jpg.rf.8e5e91610cced87c4c1f0620db37c3bd.jpg,438,1024,16,Fruit_pod,4,1,15,3,0.25,0.0625,0.9197995305462233,Fruit_pod,0.6482556164264679
pods,417,POD-B-v2_NEG_0013_jpg.rf.4af1e86c47177e8f837acd437713c1d5.jpg,3060,4080,0,,0,0,0,0,,,,,
pods,418,POD-B-v2_REP_0318_jpg.rf.9c99b9b7a2f1b8b29bbd945b95102d5f.jpg,1440,1920,22,Fruit_pod,14,13,9,1,0.9285714285714286,0.5909090909090909,0.9363316659723057,Fruit_pod,0.8773153935159955
pods,419,POD-B-v2_NEG_0069_jpg.rf.b5ffc76f48e98167faf2fd298ae5c6bb.jpg,1024,1024,0,,0,0,0,0,,,,,
pods,420,POD-B-v2_NEG_0003_jpg.rf.edbc214f5a318b74048506a861e34d83.jpg,3060,4080,1,Fruit_pod,0,0,1,0,,0.0,,,
pods,421,POD-B-v2_REP_0337_jpg.rf.358659f978db9b15aee87b3f97357511.jpg,1440,1920,25,Fruit_pod,3,3,22,0,1.0,0.12,0.8962709499942166,Fruit_pod,0.819456954797109
pods,422,POD-B-v2_CHAL_0137_jpg.rf.ce6aae8df32dec51d8a25ef9284b8500.jpg,1024,768,16,Fruit_pod,10,8,8,2,0.8,0.5,0.8783708851894081,Fruit_pod,0.886585795879364
pods,423,POD-B-v2_REP_0075_jpg.rf.85512e841820165929110e72c71c4549.jpg,3060,4080,16,Fruit_pod,9,9,7,0,1.0,0.5625,0.8782002750736817,Fruit_pod,0.9248707360691495
pods,424,POD-B-v2_REP_0191_jpg.rf.65d39840a936cf2e123c341adaff38e3.jpg,3072,4080,14,Fruit_pod,8,7,7,1,0.875,0.5,0.8827810667096203,Fruit_pod,0.8201793059706688
pods,425,POD-B-v2_CHAL_0109_jpg.rf.e55aa5614d12cd3c8099d923b680f8c9.jpg,4160,3120,4,Fruit_pod,3,2,2,1,0.6666666666666666,0.5,0.8678448817038835,Fruit_pod,0.6865802605946859
pods,426,POD-B-v2_REP_0003_jpg.rf.368216902343eabddf0c20d0617e488f.jpg,3000,4000,11,Fruit_pod,1,1,10,0,1.0,0.09090909090909091,0.897162883028153,Fruit_pod,0.9679312109947205
pods,427,POD-B-v2_CHAL_0064_jpg.rf.643e7e6b57ca5f098bb9373b8e2f3d35.jpg,3000,4000,10,Fruit_pod,4,4,6,0,1.0,0.4,0.8688997800772074,Fruit_pod,0.8658809214830399
pods,428,POD-B-v2_REP_0218_jpg.rf.b3fea16b51239f88f4bdf7aa3b0375a1.jpg,3048,4064,6,Fruit_pod,4,4,2,0,1.0,0.6666666666666666,0.7344822868700563,Fruit_pod,0.6167138963937759
pods,429,POD-B-v2_REP_0286_jpg.rf.be938372e53873947c411a7a62200668.jpg,3060,4080,7,Fruit_pod,3,1,6,2,0.3333333333333333,0.14285714285714285,0.956350341515953,Fruit_pod,0.9511246283849081
pods,430,POD-B-v2_CHAL_0059_jpg.rf.65842b0d6c7af60c02733c70be842b6c.jpg,3000,4000,11,Fruit_pod,2,2,9,0,1.0,0.18181818181818182,0.9546807239346419,Fruit_pod,0.9508599936962128
pods,431,POD-B-v2_REP_0004_jpg.rf.1a8f500037ca647ccb57c7b1d12c9cf9.jpg,3000,4000,15,Fruit_pod,7,5,10,2,0.7142857142857143,0.3333333333333333,0.9048939711569745,Fruit_pod,0.8140673126493182
pods,432,POD-B-v2_NEG_0040_jpg.rf.c7500caac629b3c2ae42c54052349437.jpg,3120,4160,1,Fruit_pod,0,0,1,0,,0.0,,,
pods,433,POD-B-v2_REP_0084_jpg.rf.665353eba6389438ed3d6ea6d501473d.jpg,3060,4080,36,Fruit_pod,23,19,17,4,0.8260869565217391,0.5277777777777778,0.8866818560962154,Fruit_pod,0.8292063681975655
pods,434,POD-B-v2_REP_0341_jpg.rf.4483b2766df4a9f955977dabcfc412bd.jpg,1440,1920,25,Fruit_pod,7,7,18,0,1.0,0.28,0.8993712808400648,Fruit_pod,0.7592912656920296
pods,435,POD-B-v2_CHAL_0180_jpg.rf.2768947c591da5f4cca75accd46e75b2.jpg,456,1024,15,Fruit_pod,5,5,10,0,1.0,0.3333333333333333,0.877847506902358,Fruit_pod,0.8575640678405761
pods,436,POD-B-v2_CHAL_0043_jpg.rf.d2e9a9209f74568667b7c0532e8de5a4.jpg,1024,1024,19,Fruit_pod,6,6,13,0,1.0,0.3157894736842105,0.8056899220910284,Fruit_pod,0.7266814311345419
pods,437,POD-B-v2_CHAL_0044_jpg.rf.7f0693fd9739b71ffbf75379cbfef2fa.jpg,1024,1024,26,Fruit_pod,9,9,17,0,1.0,0.34615384615384615,0.8656787586052722,Fruit_pod,0.811643143494924
pods,438,POD-B-v2_NEG_0052_jpg.rf.8516a0f932940e66b8fb885eba5f0cc1.jpg,3120,4160,0,,0,0,0,0,,,,,
pods,439,POD-B-v2_REP_0113_jpg.rf.8fd9146d4220a17fcf21d5d424fd7e8a.jpg,472,1024,14,Fruit_pod,4,4,10,0,1.0,0.2857142857142857,0.7423694679495686,Fruit_pod,0.7632889747619629
pods,440,POD-B-v2_REP_0385_jpg.rf.1dc47a6a6f3baeff9f0337fd6889bf12.jpg,1440,1920,39,Fruit_pod,16,11,28,5,0.6875,0.28205128205128205,0.8993523945326249,Fruit_pod,0.7328402660787106
pods,441,POD-B-v2_REP_0250_jpg.rf.64195bccb8bd414d20b65a879d8d1b70.jpg,768,1024,12,Fruit_pod,6,5,7,1,0.8333333333333334,0.4166666666666667,0.8882370369863899,Fruit_pod,0.8763538201649984
pods,442,POD-B-v2_NEG_0039_jpg.rf.1f7e31791d3ee4c2455c5a808d689797.jpg,3120,4160,0,,0,0,0,0,,,,,
pods,443,POD-B-v2_CHAL_0176_jpg.rf.19abbc4f2d85aed75eea404388751ebe.jpg,1024,1024,5,Fruit_pod,2,2,3,0,1.0,0.4,0.9445650040207706,Fruit_pod,0.8316495418548584
pods,444,POD-B-v2_REP_0065_jpg.rf.a10dee6836ce106f2e6e11bc3995119b.jpg,3060,4080,15,Fruit_pod,7,7,8,0,1.0,0.4666666666666667,0.796947838636041,Fruit_pod,0.712488727910178
pods,445,POD-B-v2_REP_0239_jpg.rf.07c9b16cca7d3332ecfcdc3298794081.jpg,456,1024,32,Fruit_pod,7,6,26,1,0.8571428571428571,0.1875,0.861066511202464,Fruit_pod,0.8050597139767238
pods,446,POD-B-v2_CHAL_0015_jpg.rf.9097a5e667c47342de4ca77ef35705ec.jpg,768,1024,21,Fruit_pod,0,0,21,0,,0.0,,,
pods,447,POD-B-v2_REP_0276_jpg.rf.e044dfcc7cfc3a2617c57c5c937fadfb.jpg,3060,4080,16,Fruit_pod,1,1,15,0,1.0,0.0625,0.9464254902463608,Fruit_pod,0.9675451517105103
pods,448,POD-B-v2_CHAL_0094_jpg.rf.ff3dd44b74ef3f6692c26c09de5f9123.jpg,2448,3264,19,Fruit_pod,12,12,7,0,1.0,0.631578947368421,0.8799889080085213,Fruit_pod,0.9207360297441483
pods,449,POD-B-v2_REP_0185_jpg.rf.d6027e691e4f9988f2ef4b02cb4452aa.jpg,3048,4064,25,Fruit_pod,13,11,14,2,0.8461538461538461,0.44,0.8789519257233323,Fruit_pod,0.7739910437510564
pods,450,POD-B-v2_REP_0001_jpg.rf.c9a643a914f5a3b0077ea8236143ed28.jpg,3000,4000,5,Fruit_pod,3,3,2,0,1.0,0.6,0.9401632040588072,Fruit_pod,0.9606564044952393
pods,451,POD-B-v2_REP_0285_jpg.rf.646245c765f8065700025c0f437e4194.jpg,3060,4080,12,Fruit_pod,5,5,7,0,1.0,0.4166666666666667,0.9308858129806865,Fruit_pod,0.8167593955993653
pods,452,POD-B-v2_REP_0405_jpg.rf.7376a63a4f8d9fcfd62c7d23dd4b6f8f.jpg,1440,1920,29,Fruit_pod,13,11,18,2,0.8461538461538461,0.3793103448275862,0.834494276977507,Fruit_pod,0.793082411472614
pods,453,POD-B-v2_CHAL_0198_jpg.rf.6ca2b0fe96896e1c6ab801f16d95d9d6.jpg,3060,4080,2,Fruit_pod,0,0,2,0,,0.0,,,
pods,454,POD-B-v2_NEG_0001_jpg.rf.cac3fbcdb76e4c925d284a2408ba528c.jpg,3060,4080,0,,0,0,0,0,,,,,
pods,455,POD-B-v2_REP_0079_jpg.rf.a926968e4c29aa3d4fc8c9bfeda28b55.jpg,3060,4080,4,Fruit_pod,1,1,3,0,1.0,0.25,0.9562441551515737,Fruit_pod,0.9681896567344666
pods,456,POD-B-v2_REP_0343_jpg.rf.abece66a1886b0a767f1ef25729c92f8.jpg,1440,1920,27,Fruit_pod,6,2,25,4,0.3333333333333333,0.07407407407407407,0.9256637697566961,Fruit_pod,0.7312014301617941
pods,457,POD-B-v2_CHAL_0193_jpg.rf.69373fa4e7de18c6214d05eb2f6f6645.jpg,3060,4080,13,Fruit_pod,0,0,13,0,,0.0,,,
pods,458,POD-B-v2_REP_0028_jpg.rf.9f37e31d2bee86a28d10057e05822980.jpg,3468,4624,6,Fruit_pod,4,4,2,0,1.0,0.6666666666666666,0.7907165452771103,Fruit_pod,0.5707258135080338
pods,459,POD-B-v2_REP_0174_jpg.rf.0283b6aae5050cd0dce6970c9b72bff9.jpg,611,1024,12,Fruit_pod,5,5,7,0,1.0,0.4166666666666667,0.7991644790241372,Fruit_pod,0.855279541015625
pods,460,POD-B-v2_CHAL_0132_jpg.rf.e34d6bda20a31545d31483762714dee1.jpg,460,1024,10,Fruit_pod,0,0,10,0,,0.0,,,
pods,461,POD-B-v2_NEG_0096_jpg.rf.1df75d6598b08f45db4087b70fb888f8.jpg,1024,553,3,Fruit_pod,0,0,3,0,,0.0,,,
pods,462,POD-B-v2_REP_0324_jpg.rf.3b6b716b15cb374c0b2c38344764df44.jpg,1440,1920,17,Fruit_pod,3,3,14,0,1.0,0.17647058823529413,0.9298630726030636,Fruit_pod,0.8658101956049601
pods,463,POD-B-v2_REP_0259_jpg.rf.e1d8a45999e745715479eabf55a103e7.jpg,768,1024,13,Fruit_pod,9,9,4,0,1.0,0.6923076923076923,0.8595282715138998,Fruit_pod,0.7701605823304918
pods,464,POD-B-v2_REP_0334_jpg.rf.0fff126f2315aa8bdc3dbec8ff466874.jpg,1440,1920,23,Fruit_pod,8,7,16,1,0.875,0.30434782608695654,0.8621060708611897,Fruit_pod,0.8119268789887428
pods,465,POD-B-v2_CHAL_0177_jpg.rf.fe991f201407e1334e1863a3990e5fd3.jpg,1024,1024,2,Fruit_pod,0,0,2,0,,0.0,,,
pods,466,POD-B-v2_NEG_0026_jpg.rf.2f6d85d093bca185d9fc8fc031165f12.jpg,3060,4080,0,,0,0,0,0,,,,,
pods,467,POD-B-v2_REP_0208_jpg.rf.a1a205416f3b1a5579f0c53268da08a2.jpg,3120,4160,27,Fruit_pod,14,11,16,3,0.7857142857142857,0.4074074074074074,0.8304406012756708,Fruit_pod,0.8993092519896371
pods,468,POD-B-v2_CHAL_0062_jpg.rf.79cb977a5b59000082731f285457bf2d.jpg,3264,2448,4,Fruit_pod,0,0,4,0,,0.0,,,
pods,469,POD-B-v2_NEG_0044_jpg.rf.932f584d83b2d7f4a925459ae3c66d79.jpg,3120,4160,0,,0,0,0,0,,,,,
pods,470,POD-B-v2_CHAL_0199_jpg.rf.5255a585ad37456fb820c5f83a060c79.jpg,3060,4080,13,Fruit_pod,5,5,8,0,1.0,0.38461538461538464,0.807261246158195,Fruit_pod,0.634456992149353
pods,471,POD-B-v2_REP_0200_jpg.rf.1f2f6059dc5dcb5eebaf64aa9d8fccf5.jpg,3120,4160,16,Fruit_pod,8,8,8,0,1.0,0.5,0.893961951242378,Fruit_pod,0.7804850861430168
pods,472,POD-B-v2_CHAL_0149_jpg.rf.3d56d1b70b311e28f5ab6da0f26ea164.jpg,438,1024,1,Fruit_pod,0,0,1,0,,0.0,,,
pods,473,POD-B-v2_REP_0087_jpg.rf.feed4a887b9ee3489659c62092e1f50e.jpg,3060,4080,19,Fruit_pod,11,10,9,1,0.9090909090909091,0.5263157894736842,0.8629317268198561,Fruit_pod,0.8791534846479242
pods,474,POD-B-v2_CHAL_0074_jpg.rf.42c3fa6b3de28654ee3b2be4838df831.jpg,3120,4160,4,Fruit_pod,4,3,1,1,0.75,0.75,0.8488485443949149,Fruit_pod,0.7580186426639557
pods,475,POD-B-v2_CHAL_0007_jpg.rf.4e453689adc05bfd0810f3e035271ccc.jpg,3468,4624,8,Fruit_pod,0,0,8,0,,0.0,,,
pods,476,POD-B-v2_REP_0292_jpg.rf.1363ca948cf0faedd38b48d40ef78928.jpg,3060,4080,14,Fruit_pod,3,3,11,0,1.0,0.21428571428571427,0.9115261627333119,Fruit_pod,0.8714436690012614
pods,477,POD-B-v2_REP_0072_jpg.rf.bde998ac506faff382a15c52767048b1.jpg,3060,4080,11,Fruit_pod,7,7,4,0,1.0,0.6363636363636364,0.9359241003883384,Fruit_pod,0.9351644430841718
pods,478,POD-B-v2_REP_0043_jpg.rf.2dfb23cf04deebca2104fa6db8efb606.jpg,4624,3468,17,Fruit_pod,2,1,16,1,0.5,0.058823529411764705,0.9205929703925312,Fruit_pod,0.7935807406902313
pods,479,POD-B-v2_CHAL_0071_jpg.rf.cabb2766d6a6a20992648cb5eafe4c7b.jpg,3072,4080,4,Fruit_pod,2,2,2,0,1.0,0.5,0.9002150680620531,Fruit_pod,0.8951049745082855
pods,480,POD-B-v2_CHAL_0060_jpg.rf.586fbb3a3f4bc3fa637cf96318151839.jpg,3456,4608,9,Fruit_pod,7,3,6,4,0.42857142857142855,0.3333333333333333,0.9193204484217338,Fruit_pod,0.7378889151981899
pods,481,POD-B-v2_CHAL_0055_jpg.rf.fae80034cffbd26067b9dd894c345432.jpg,3120,4160,13,Fruit_pod,2,2,11,0,1.0,0.15384615384615385,0.7936251957258611,Fruit_pod,0.4672289490699768
pods,482,POD-B-v2_CHAL_0002_jpg.rf.f22494f06f4b52e914323906d1565f79.jpg,3060,4080,15,Fruit_pod,1,1,14,0,1.0,0.06666666666666667,0.955905428329872,Fruit_pod,0.40191006660461426
pods,483,POD-B-v2_REP_0066_jpg.rf.92e5bae5eff1847cab068cb6760d9529.jpg,3060,4080,11,Fruit_pod,6,6,5,0,1.0,0.5454545454545454,0.8381442729060772,Fruit_pod,0.9419084588686625
pods,484,POD-B-v2_REP_0166_jpg.rf.347407cbf54019646a9db73249c883b9.jpg,611,1024,11,Fruit_pod,1,1,10,0,1.0,0.09090909090909091,0.7711947143345794,Fruit_pod,0.5101378560066223
pods,485,POD-B-v2_CHAL_0053_jpg.rf.948cd008e08d5f61df80564f4205ffd3.jpg,563,1000,2,Fruit_pod,0,0,2,0,,0.0,,,
pods,486,POD-B-v2_REP_0146_jpg.rf.83071648decfec69f438ed395db36605.jpg,1024,1024,13,Fruit_pod,7,6,7,1,0.8571428571428571,0.46153846153846156,0.8312677395267483,Fruit_pod,0.685817539691925
pods,487,POD-B-v2_REP_0014_jpg.rf.2289a8fb09ee3776eac4a00292342e86.jpg,3000,4000,16,Fruit_pod,14,12,4,2,0.8571428571428571,0.75,0.9203516853660325,Fruit_pod,0.7740173041820526
pods,488,POD-B-v2_REP_0168_jpg.rf.952aef4468b5e011977af15a8164dd95.jpg,611,1024,17,Fruit_pod,2,2,15,0,1.0,0.11764705882352941,0.9395310285040064,Fruit_pod,0.6875191032886505
pods,489,POD-B-v2_REP_0142_jpg.rf.2478b71e7215cb90328cc79cb70d9329.jpg,1024,1024,8,Fruit_pod,8,7,1,1,0.875,0.875,0.89635749389408,Fruit_pod,0.7893410325050354
pods,490,POD-B-v2_REP_0107_jpg.rf.39ed29bcfb0aa1e3ec63290503e8ae35.jpg,472,1024,15,Fruit_pod,7,7,8,0,1.0,0.4666666666666667,0.815964776217074,Fruit_pod,0.8067894067083087
pods,491,POD-B-v2_CHAL_0118_jpg.rf.ba302b2334f64fb60233bc0eaa9c0c12.jpg,768,1024,7,Fruit_pod,2,1,6,1,0.5,0.14285714285714285,0.8606274248115913,Fruit_pod,0.8521783351898193
pods,492,POD-B-v2_CHAL_0185_jpg.rf.085a7e3f65b604593c7511b3dbd99b03.jpg,1024,1024,7,Fruit_pod,3,3,4,0,1.0,0.42857142857142855,0.8900479623595877,Fruit_pod,0.8494853377342224
pods,493,POD-B-v2_NEG_0053_jpg.rf.970bfbc06d45eba08325cf933d826666.jpg,3120,4160,0,,0,0,0,0,,,,,
pods,494,POD-B-v2_NEG_0057_jpg.rf.bc31023eb5cda782544e79b80265d02c.jpg,3120,4160,0,,0,0,0,0,,,,,
pods,495,POD-B-v2_NEG_0059_jpg.rf.345e87388d915517172088c850997824.jpg,3000,4000,0,,0,0,0,0,,,,,
pods,496,POD-B-v2_REP_0236_jpg.rf.d8129c5915c51038dc73cd25ebdeb0ba.jpg,1024,768,6,Fruit_pod,2,2,4,0,1.0,0.3333333333333333,0.7705594967720553,Fruit_pod,0.7330037653446198
pods,497,POD-B-v2_REP_0161_jpg.rf.37339f5c409736d0bff159ccd1122ce8.jpg,611,1024,29,Fruit_pod,10,10,19,0,1.0,0.3448275862068966,0.8358125698371666,Fruit_pod,0.8994114398956299
pods,498,POD-B-v2_CHAL_0063_jpg.rf.71ec426b609a3e74719da4330ec8fca6.jpg,3264,2448,4,Fruit_pod,0,0,4,0,,0.0,,,
pods,499,POD-B-v2_REP_0131_jpg.rf.73c090d65ac625cc96dd9ca3a4646444.jpg,472,1024,13,Fruit_pod,7,6,7,1,0.8571428571428571,0.46153846153846156,0.8099416140092758,Fruit_pod,0.7578206998961312
pods,500,POD-B-v2_REP_0015_jpg.rf.1f1fb06eaefb04bf30ad0ec9380b0360.jpg,3000,4000,17,Fruit_pod,10,9,8,1,0.9,0.5294117647058824,0.8948263769834006,Fruit_pod,0.8671163439750671
pods,501,POD-B-v2_REP_0190_jpg.rf.3e992214e945960e6b23514cf4fd90f6.jpg,3048,4064,49,Fruit_pod,8,6,43,2,0.75,0.12244897959183673,0.8104153340258367,Fruit_pod,0.7061735689640045
pods,502,POD-B-v2_REP_0022_jpg.rf.60a78cb0c1bb3062e1e50594ea892902.jpg,3000,4000,11,Fruit_pod,7,7,4,0,1.0,0.6363636363636364,0.8970052289890047,Fruit_pod,0.8873043656349182
pods,503,POD-B-v2_NEG_0033_jpg.rf.26b263a1b276e4778f698a5392b2a5d3.jpg,3060,4080,4,Fruit_pod,0,0,4,0,,0.0,,,
pods,504,POD-B-v2_REP_0106_jpg.rf.088ef3e96236c277b918effe59cfcfbd.jpg,472,1024,12,Fruit_pod,4,4,8,0,1.0,0.3333333333333333,0.8688671675946417,Fruit_pod,0.8483340740203857
pods,505,POD-B-v2_REP_0159_jpg.rf.dc409ce6eaff4a741b0ec29fe732bae0.jpg,611,1024,16,Fruit_pod,8,8,8,0,1.0,0.5,0.8403675666719437,Fruit_pod,0.8336554020643234
pods,506,POD-B-v2_CHAL_0021_jpg.rf.382a0b6d59761cf33932f5f93f2f4608.jpg,472,1024,21,Fruit_pod,2,2,19,0,1.0,0.09523809523809523,0.6304513940700074,Fruit_pod,0.7448428273200989
pods,507,POD-B-v2_CHAL_0098_jpg.rf.99bed9cbd755336796debafbe7606aa1.jpg,3120,4160,7,Fruit_pod,1,0,7,1,0.0,0.0,,Fruit_pod,0.46093499660491943
pods,508,POD-B-v2_REP_0002_jpg.rf.06ffbe77d58b8a7ca7cb7a196ad054b3.jpg,3000,4000,11,Fruit_pod,8,8,3,0,1.0,0.7272727272727273,0.9044755335683614,Fruit_pod,0.8334930390119553
pods,509,POD-B-v2_CHAL_0101_jpg.rf.83a2390a3d4014d3b7bedcdea53a812e.jpg,3060,4080,15,Fruit_pod,8,6,9,2,0.75,0.4,0.9032489137723934,Fruit_pod,0.8149615004658699
pods,510,POD-B-v2_REP_0313_jpg.rf.0ae4caf92bbdebf93afec392ffc8cffd.jpg,3060,4080,21,Fruit_pod,5,4,17,1,0.8,0.19047619047619047,0.903389455873449,Fruit_pod,0.8635793089866638
pods,511,POD-B-v2_CHAL_0128_jpg.rf.5d4976c8ecf9a25587ff1a40c536b760.jpg,460,1024,2,Fruit_pod,0,0,2,0,,0.0,,,
pods,512,POD-B-v2_REP_0374_jpg.rf.969154ac35b9df38805b88a2af2c8a52.jpg,1440,1920,33,Fruit_pod,23,21,12,2,0.9130434782608695,0.6363636363636364,0.8821723858572872,Fruit_pod,0.8305602851121322
pods,513,POD-B-v2_REP_0248_jpg.rf.4dfa9040a5225695004fabcea8045b90.jpg,768,1024,23,Fruit_pod,7,7,16,0,1.0,0.30434782608695654,0.872870193127986,Fruit_pod,0.7348529781614032
pods,514,POD-B-v2_CHAL_0091_jpg.rf.4411e9a6872bfbb0411207492293422f.jpg,3120,4160,1,Fruit_pod,0,0,1,0,,0.0,,,
pods,515,POD-B-v2_REP_0225_jpg.rf.8346f7fb9fb07b31a683213642f95976.jpg,3120,4160,15,Fruit_pod,9,7,8,2,0.7777777777777778,0.4666666666666667,0.8217772932939289,Fruit_pod,0.7630357013808357
pods,516,POD-B-v2_REP_0067_jpg.rf.163b8b3ea41a89b3fb8fab5d01de3b21.jpg,3060,4080,34,Fruit_pod,21,18,16,3,0.8571428571428571,0.5294117647058824,0.8509850083190857,Fruit_pod,0.7922409858022418
pods,517,POD-B-v2_REP_0033_jpg.rf.319d806eccbacef63fefcf7e393e4dea.jpg,3060,4080,19,Fruit_pod,3,3,16,0,1.0,0.15789473684210525,0.8482342096125596,Fruit_pod,0.9026846289634705
pods,518,POD-B-v2_REP_0246_jpg.rf.b864cabd15ca2a0463adfff50bea660d.jpg,768,1024,9,Fruit_pod,6,5,4,1,0.8333333333333334,0.5555555555555556,0.8327971644204988,Fruit_pod,0.7308552066485087
pods,519,POD-B-v2_CHAL_0014_jpg.rf.bd4b741f10fd1a007bd71349d63c1703.jpg,3060,4080,17,Fruit_pod,8,3,14,5,0.375,0.17647058823529413,0.8534509788814658,Fruit_pod,0.6942410841584206
pods,520,POD-B-v2_REP_0222_jpg.rf.c02bbdc8f018c2b61cb0b4327ead8de6.jpg,3120,4160,13,Fruit_pod,10,8,5,2,0.8,0.6153846153846154,0.8799953257213537,Fruit_pod,0.7614753901958465
pods,521,POD-B-v2_NEG_0101_jpg.rf.63a7c020af038216b92ea7a2d16228fe.jpg,1024,554,0,,0,0,0,0,,,,,
pods,522,POD-B-v2_REP_0265_jpg.rf.1a5e79d42619be8e914a21d1c7352bbb.jpg,438,1024,13,Fruit_pod,8,7,6,1,0.875,0.5384615384615384,0.9253555077412587,Fruit_pod,0.8431836143136024
pods,523,POD-B-v2_REP_0333_jpg.rf.606c85bf7b984b17382b3c4b951efdce.jpg,1440,1920,16,Fruit_pod,7,7,9,0,1.0,0.4375,0.8712282511457508,Fruit_pod,0.8736878548349652
pods,524,POD-B-v2_CHAL_0005_jpg.rf.6d8690c30b7285eadbb4bb5f1e0097d2.jpg,3468,4624,16,Fruit_pod,9,8,8,1,0.8888888888888888,0.5,0.8942563454946293,Fruit_pod,0.8199582762188382
pods,525,POD-B-v2_NEG_0054_jpg.rf.5c258b7288d5ede454b9414db75fd268.jpg,3120,4160,0,,0,0,0,0,,,,,
pods,526,POD-B-v2_CHAL_0201_jpg.rf.e47564be71b5e51a29b5bba2f97f2d12.jpg,1440,1920,51,Fruit_pod,22,14,37,8,0.6363636363636364,0.27450980392156865,0.8476164088516557,Fruit_pod,0.7170215709642931
pods,527,POD-B-v2_REP_0048_jpg.rf.88319bffbb5e614716b90a8f9f97fb65.jpg,3060,4080,10,Fruit_pod,2,2,8,0,1.0,0.2,0.9188944630659881,Fruit_pod,0.8828248381614685
pods,528,POD-B-v2_NEG_0007_jpg.rf.10979d78be570622f772535f6ad5afb9.jpg,3060,4080,0,,0,0,0,0,,,,,
pods,529,POD-B-v2_CHAL_0108_jpg.rf.799c5db85275a0c5a1b99511f04c88d9.jpg,3120,4160,3,Fruit_pod,1,1,2,0,1.0,0.3333333333333333,0.9729457350440864,Fruit_pod,0.9160534143447876
pods,530,POD-B-v2_CHAL_0195_jpg.rf.a06f00070d3885cc690b1689d8a9a23f.jpg,3060,4080,24,Fruit_pod,12,10,14,2,0.8333333333333334,0.4166666666666667,0.9016809795512465,Fruit_pod,0.7990575979153315
pods,531,POD-B-v2_NEG_0014_jpg.rf.ad065821b5bc620ac7bd75e3a525ff47.jpg,3060,4080,0,,0,0,0,0,,,,,
pods,532,POD-B-v2_REP_0121_jpg.rf.2a1749801662dbf4f871f3459cfa660a.jpg,472,1024,15,Fruit_pod,7,6,9,1,0.8571428571428571,0.4,0.8193036272422058,Fruit_pod,0.7641327721732003
pods,533,POD-B-v2_CHAL_0028_jpg.rf.4a1def6813ca8d552ccbae7a70297ff8.jpg,768,1024,7,Fruit_pod,2,1,6,1,0.5,0.14285714285714285,0.7954167078491016,Fruit_pod,0.8570998907089233
pods,534,POD-B-v2_CHAL_0134_jpg.rf.1d699a073f902e7c7845750cfec4dd59.jpg,768,1024,6,Fruit_pod,2,2,4,0,1.0,0.3333333333333333,0.9277167849949854,Fruit_pod,0.6489025354385376
pods,535,POD-B-v2_NEG_0081_jpg.rf.d382e0ae7c7a6efbdf467c1ee1c939b0.jpg,768,1024,0,,0,0,0,0,,,,,
pods,536,POD-B-v2_REP_0243_jpg.rf.e2ef536915ce9736af0359da580cfae2.jpg,768,1024,16,Fruit_pod,9,7,9,2,0.7777777777777778,0.4375,0.8270153475752132,Fruit_pod,0.8797246085272895
pods,537,POD-B-v2_REP_0085_jpg.rf.d0b71ce15c0260c6e164382791420df6.jpg,3060,4080,14,Fruit_pod,9,9,5,0,1.0,0.6428571428571429,0.8670067544688688,Fruit_pod,0.8386693994204203
pods,538,POD-B-v2_NEG_0032_jpg.rf.805a037dbdf5008c18c699a65cbcaa31.jpg,3060,4080,0,,0,0,0,0,,,,,
pods,539,POD-B-v2_CHAL_0004_jpg.rf.ba4df6ebb49c73ac6426d129f7d0a858.jpg,3468,4624,7,Fruit_pod,0,0,7,0,,0.0,,,
pods,540,POD-B-v2_NEG_0050_jpg.rf.aa2d5b2c7cd5b761d9afd13014eea38b.jpg,3120,4160,0,,0,0,0,0,,,,,
pods,541,POD-B-v2_CHAL_0106_jpg.rf.23847d543614b36db3d53f4bdbe33fa6.jpg,3120,4160,3,Fruit_pod,0,0,3,0,,0.0,,,
pods,542,POD-B-v2_REP_0387_jpg.rf.03baf54e04bc48038b3415b2eaabec68.jpg,1440,1920,28,Fruit_pod,14,14,14,0,1.0,0.5,0.8499390022841676,Fruit_pod,0.8692817304815564
pods,543,POD-B-v2_NEG_0066_jpg.rf.f8806b916739b1bf250f29ef296af9d5.jpg,1024,554,0,,0,0,0,0,,,,,
pods,544,POD-B-v2_CHAL_0184_jpg.rf.23143a1da4ec418fc401aa2cfd0a5233.jpg,768,1024,10,Fruit_pod,1,1,9,0,1.0,0.1,0.890946124683606,Fruit_pod,0.8544216752052307
pods,545,POD-B-v2_CHAL_0003_jpg.rf.c2853099444c5d7774766df8d0efd735.jpg,3468,4624,19,Fruit_pod,9,7,12,2,0.7777777777777778,0.3684210526315789,0.8815195636565549,Fruit_pod,0.8489273720317416
pods,546,POD-B-v2_NEG_0070_jpg.rf.f21f98bcf0108fd9a29bbfbb3c8fc0df.jpg,460,1024,0,,0,0,0,0,,,,,
pods,547,POD-B-v2_CHAL_0159_jpg.rf.5609b7909a93efd0ea122ed635caad21.jpg,768,1024,10,Fruit_pod,1,1,9,0,1.0,0.1,0.7908443150800444,Fruit_pod,0.8015027046203613
pods,548,POD-B-v2_NEG_0005_jpg.rf.395177b1fc7cc0e0a690d09291b7cd55.jpg,3060,4080,0,,0,0,0,0,,,,,
pods,549,POD-B-v2_REP_0377_jpg.rf.85005d21c72c9c6d0c4f468bd06f071b.jpg,1440,1920,14,Fruit_pod,10,9,5,1,0.9,0.6428571428571429,0.884910564868066,Fruit_pod,0.8628025531768799
pods,550,POD-B-v2_CHAL_0068_jpg.rf.bf7cd3ef6280d88451f0331152835bf7.jpg,3000,4000,11,Fruit_pod,8,6,5,2,0.75,0.5454545454545454,0.7873585668400719,Fruit_pod,0.7122253477573395
pods,551,POD-B-v2_CHAL_0084_jpg.rf.a1ff55cc9e17b46bcb31ac9d3389b08d.jpg,3024,4032,48,Fruit_pod,19,18,30,1,0.9473684210526315,0.375,0.8265324174207662,Fruit_pod,0.7097243007860685
pods,552,POD-B-v2_NEG_0104_jpg.rf.11e442c3f2985800523fbcca4b97d495.jpg,460,1024,0,,0,0,0,0,,,,,
pods,553,POD-B-v2_CHAL_0147_jpg.rf.ac310c368720d3fa481677d22022a51f.jpg,438,1024,3,Fruit_pod,0,0,3,0,,0.0,,,
pods,554,POD-B-v2_CHAL_0107_jpg.rf.351fe0400c578994a31cafc50b62eb0b.jpg,3120,4160,7,Fruit_pod,4,3,4,1,0.75,0.42857142857142855,0.9000063313051977,Fruit_pod,0.7027183473110199
pods,555,POD-B-v2_REP_0315_jpg.rf.96f166f3630a41fc4dfe55d5a9057965.jpg,3060,4080,14,Fruit_pod,8,7,7,1,0.875,0.5,0.9092756865693031,Fruit_pod,0.8415996581315994
pods,556,POD-B-v2_REP_0299_jpg.rf.06505b52c64dd8d33664d1c4bb1f85eb.jpg,3060,4080,14,Fruit_pod,2,2,12,0,1.0,0.14285714285714285,0.7718591305183553,Fruit_pod,0.8529795706272125
pods,557,POD-B-v2_CHAL_0103_jpg.rf.80522263b277282c1c364f7f5a1273f4.jpg,3120,4160,5,Fruit_pod,6,5,0,1,0.8333333333333334,1.0,0.8026887170997046,Fruit_pod,0.752876470486323
pods,558,POD-B-v2_REP_0082_jpg.rf.f861af620d1eb09faf2c0e034228cb49.jpg,3060,4080,14,Fruit_pod,13,9,5,4,0.6923076923076923,0.6428571428571429,0.9512959769745952,Fruit_pod,0.8032763279401339
pods,559,POD-B-v2_CHAL_0006_jpg.rf.5a76a27f153be2a62f3e88ea737cd71b.jpg,3468,4624,7,Fruit_pod,0,0,7,0,,0.0,,,
pods,560,POD-B-v2_REP_0055_jpg.rf.5e333b49ebe81758dd2e1600c4f4c953.jpg,3060,4080,14,Fruit_pod,12,12,2,0,1.0,0.8571428571428571,0.886911404084893,Fruit_pod,0.8246729373931885
pods,561,POD-B-v2_NEG_0017_jpg.rf.1ef7a5b1393af83d25f5952f5686605f.jpg,3060,4080,0,,0,0,0,0,,,,,
pods,562,POD-B-v2_NEG_0025_jpg.rf.12aa0bdfb8eb59fdb5a56f0ee56ec097.jpg,3060,4080,0,,0,0,0,0,,,,,
pods,563,POD-B-v2_REP_0314_jpg.rf.165269817b0a9bbe85e30807779fe764.jpg,3060,4080,9,Fruit_pod,4,4,5,0,1.0,0.4444444444444444,0.8800767114563398,Fruit_pod,0.9280625432729721
pods,564,POD-B-v2_REP_0277_jpg.rf.c2208a153b5a2b629455b56540a86c91.jpg,3060,4080,7,Fruit_pod,1,1,6,0,1.0,0.14285714285714285,0.8809328026279758,Fruit_pod,0.5768264532089233
pods,565,POD-B-v2_REP_0271_jpg.rf.3157ebba77bbb288dd874453442f23c0.jpg,3060,4080,31,Fruit_pod,11,11,20,0,1.0,0.3548387096774194,0.8683655035957312,Fruit_pod,0.8401112610643561
pods,566,POD-B-v2_CHAL_0076_jpg.rf.a12993d2a00beb10c9688f308677e751.jpg,3072,4080,10,Fruit_pod,6,5,5,1,0.8333333333333334,0.5,0.895509637648974,Fruit_pod,0.7860360244909922
pods,567,POD-B-v2_REP_0289_jpg.rf.d83a0932154b4e5d4c40ce43869c586a.jpg,3060,4080,14,Fruit_pod,7,4,10,3,0.5714285714285714,0.2857142857142857,0.7411315512477545,Fruit_pod,0.7591755815914699
pods,568,POD-B-v2_REP_0021_jpg.rf.33710f5bfe88d7823e9dc0d3f54400ac.jpg,3000,4000,15,Fruit_pod,6,6,9,0,1.0,0.4,0.8750423569679137,Fruit_pod,0.9485240976015726
pods,569,POD-B-v2_NEG_0064_jpg.rf.be4d5fcd20087cff0efb8f8361486fb5.jpg,1024,1024,0,,0,0,0,0,,,,,
pods,570,POD-B-v2_CHAL_0174_jpg.rf.95cb9456d1dfc73517b7d3aeeb512c82.jpg,768,1024,3,Fruit_pod,0,0,3,0,,0.0,,,
pods,571,POD-B-v2_REP_0207_jpg.rf.2c2da5499f28747dcac77a3dd59a5956.jpg,3120,4160,18,Fruit_pod,10,8,10,2,0.8,0.4444444444444444,0.7852665808027331,Fruit_pod,0.8627698957920075
pods,572,POD-B-v2_REP_0013_jpg.rf.cc2468320f975d257134881e2c0098b3.jpg,3000,4000,13,Fruit_pod,8,6,7,2,0.75,0.46153846153846156,0.8832766726905538,Fruit_pod,0.7196451500058174
pods,573,POD-B-v2_REP_0047_jpg.rf.f588db0bc2574241ac13d70ab914eda3.jpg,3060,4080,12,Fruit_pod,12,9,3,3,0.75,0.75,0.8433325368151379,Fruit_pod,0.7655167132616043
pods,574,POD-B-v2_CHAL_0153_jpg.rf.9c4591e6dcfe801c7d6b006d3669faa6.jpg,768,1024,3,Fruit_pod,0,0,3,0,,0.0,,,
pods,575,POD-B-v2_REP_0356_jpg.rf.1611fa6f88458fb45c56ef44da789c88.jpg,1440,1920,15,Fruit_pod,3,2,13,1,0.6666666666666666,0.13333333333333333,0.9423319014327067,Fruit_pod,0.9326915542284647
pods,576,POD-B-v2_CHAL_0066_jpg.rf.901e62421f8ad44f0c1bd220fb13a02a.jpg,3120,4160,0,,1,0,0,1,0.0,,,Fruit_pod,0.6501574516296387
pods,577,POD-B-v2_CHAL_0001_jpg.rf.666b3db3730404e72ea2268a00587fad.jpg,3468,4624,6,Fruit_pod,5,3,3,2,0.6,0.5,0.8720750692277045,Fruit_pod,0.7897147297859192
pods,578,POD-B-v2_REP_0006_jpg.rf.fb4aa9f2ad14a1cc26cf62c6e0c54246.jpg,3000,4000,11,Fruit_pod,10,8,3,2,0.8,0.7272727272727273,0.8671949069492325,Fruit_pod,0.839090621471405
pods,579,POD-B-v2_NEG_0012_jpg.rf.bc4e4c8de0bb2e836444e4cf63068d90.jpg,3060,4080,0,,0,0,0,0,,,,,
pods,580,POD-B-v2_REP_0290_jpg.rf.d8a0ca8e472b8d1602d44537dbd518cf.jpg,3060,4080,19,Fruit_pod,1,1,18,0,1.0,0.05263157894736842,0.9198893601403211,Fruit_pod,0.5635572075843811
pods,581,POD-B-v2_NEG_0027_jpg.rf.1f8bf3a304111cac389cd6f8e44b3e13.jpg,3060,4080,0,,0,0,0,0,,,,,
pods,582,POD-B-v2_CHAL_0013_jpg.rf.36d6703a9bb845d16868d6c31f1ff982.jpg,3060,4080,1,Fruit_pod,0,0,1,0,,0.0,,,
pods,583,POD-B-v2_REP_0009_jpg.rf.0ae33fbdd33cd16b6635471b79530302.jpg,3000,4000,29,Fruit_pod,3,3,26,0,1.0,0.10344827586206896,0.852108790795253,Fruit_pod,0.9365422526995341
pods,584,POD-B-v2_REP_0184_jpg.rf.c63751b861e8ffa955e5991292667b37.jpg,3120,4160,11,Fruit_pod,6,5,6,1,0.8333333333333334,0.45454545454545453,0.7812326892058856,Fruit_pod,0.7247138619422913
pods,585,POD-B-v2_NEG_0008_jpg.rf.1ce543c6c044f3c53937310470b4d302.jpg,3060,4080,0,,0,0,0,0,,,,,
pods,586,POD-B-v2_REP_0061_jpg.rf.f4b82d90545226735609f777095e5bc6.jpg,3060,4080,8,Fruit_pod,0,0,8,0,,0.0,,,
pods,587,POD-B-v2_REP_0029_jpg.rf.10943e2710c79a91f5f305a1b97c93eb.jpg,3468,4624,16,Fruit_pod,8,7,9,1,0.875,0.4375,0.8157938328310873,Fruit_pod,0.8797296211123466
pods,588,POD-B-v2_NEG_0019_jpg.rf.14050dc578087694a23ba97b4197b6db.jpg,3060,4080,0,,0,0,0,0,,,,,
pods,589,POD-B-v2_REP_0054_jpg.rf.95b5ec91494457ee8cb728fef9e19258.jpg,3060,4080,8,Fruit_pod,5,4,4,1,0.8,0.5,0.8789977923187267,Fruit_pod,0.9452112913131714
pods,590,POD-B-v2_CHAL_0011_jpg.rf.3885b3a4a31cd4b4899af143226f2ec2.jpg,3060,4080,4,Fruit_pod,0,0,4,0,,0.0,,,
pods,591,POD-B-v2_NEG_0045_jpg.rf.4e9cd3292d295bea8d11fe0f05d86171.jpg,2448,3264,0,,0,0,0,0,,,,,
pods,592,POD-B-v2_REP_0086_jpg.rf.c6f7791159c4de3a97bb3ca2e5789248.jpg,3060,4080,3,Fruit_pod,3,3,0,0,1.0,1.0,0.8953042382817671,Fruit_pod,0.8616711894671122
pods,593,POD-B-v2_REP_0025_jpg.rf.c28400d8ff3584e6ec2a90ba9b440eca.jpg,3468,4624,7,Fruit_pod,7,7,0,0,1.0,1.0,0.9788256000203439,Fruit_pod,0.9740885070392064
pods,594,POD-B-v2_NEG_0030_jpg.rf.61592289d8e35032d657433a30926069.jpg,3060,4080,0,,0,0,0,0,,,,,
pods,595,POD-B-v2_REP_0030_jpg.rf.d4d5a436b1ac1b413895aa7e0912329f.jpg,3468,4624,9,Fruit_pod,4,4,5,0,1.0,0.4444444444444444,0.8977890832705384,Fruit_pod,0.7083960920572281
pods,596,POD-B-v2_REP_0328_jpg.rf.07f887bd06356226b33bb0d5013cb736.jpg,1440,1920,13,Fruit_pod,3,2,11,1,0.6666666666666666,0.15384615384615385,0.8921837984075538,Fruit_pod,0.9132825136184692
pods,597,POD-B-v2_REP_0251_jpg.rf.761fce478a24015e109cf3cfd9a1c5e1.jpg,438,1024,15,Fruit_pod,8,6,9,2,0.75,0.4,0.7721845841348848,Fruit_pod,0.7394803315401077
pods,598,POD-B-v2_CHAL_0065_jpg.rf.c221e111bf8142366a59fc42e9119478.jpg,3120,4160,6,Fruit_pod,4,2,4,2,0.5,0.3333333333333333,0.860617223895475,Fruit_pod,0.7355753481388092
pods,599,POD-B-v2_REP_0330_jpg.rf.33185d906fd97231dc76e39fc59b4821.jpg,1440,1920,9,Fruit_pod,1,1,8,0,1.0,0.1111111111111111,0.9796129471259937,Fruit_pod,0.9362502098083496
pods,600,POD-B-v2_REP_0397_jpg.rf.9d448000156cb8bfe5001f5cb0063fe8.jpg,1440,1920,18,Fruit_pod,3,3,15,0,1.0,0.16666666666666666,0.8511635506673426,Fruit_pod,0.8479992945988973
pods,601,POD-B-v2_CHAL_0081_jpg.rf.97be325dacbd3831a005ace466c5f77a.jpg,3072,4080,2,Fruit_pod,0,0,2,0,,0.0,,,
pods,602,POD-B-v2_REP_0008_jpg.rf.9433493a59f03f8d100c70bafb2d1dab.jpg,3000,4000,23,Fruit_pod,3,3,20,0,1.0,0.13043478260869565,0.8226477062756086,Fruit_pod,0.9530071417490641
pods,603,POD-B-v2_REP_0342_jpg.rf.6fac160ed062e1bada1ce86c1300ca6f.jpg,1440,1920,29,Fruit_pod,5,4,25,1,0.8,0.13793103448275862,0.8402105021632943,Fruit_pod,0.7786989450454712
pods,604,POD-B-v2_REP_0242_jpg.rf.c36f05680d9eb402ed6594e938ab395c.jpg,456,1024,13,Fruit_pod,3,3,10,0,1.0,0.23076923076923078,0.8614374481410435,Fruit_pod,0.8144234418869019
pods,605,POD-B-v2_NEG_0063_jpg.rf.750510626a5a8471a20e94f17642c09a.jpg,768,1024,0,,0,0,0,0,,,,,
pods,606,POD-B-v2_CHAL_0111_jpg.rf.2c0d2745dd45e53c8831a3b5139593b5.jpg,3000,4000,7,Fruit_pod,3,2,5,1,0.6666666666666666,0.2857142857142857,0.8308132011832274,Fruit_pod,0.8659823338190714
pods,607,POD-B-v2_REP_0329_jpg.rf.ebf6b7ae937ba86f5f286f57c6d14cac.jpg,1440,1920,22,Fruit_pod,1,1,21,0,1.0,0.045454545454545456,0.9880500131699849,Fruit_pod,0.9659031629562378
pods,608,POD-B-v2_REP_0105_jpg.rf.24d07b2856091e87e23f27533c155fba.jpg,472,1024,11,Fruit_pod,3,1,10,2,0.3333333333333333,0.09090909090909091,0.9342109948009995,Fruit_pod,0.6946364641189575
pods,609,POD-B-v2_REP_0041_jpg.rf.56679d786c9cb75f9941446ea3fd0b28.jpg,3060,4080,15,Fruit_pod,9,8,7,1,0.8888888888888888,0.5333333333333333,0.8839537860691947,Fruit_pod,0.9019321335686578
pods,610,POD-B-v2_CHAL_0054_jpg.rf.2b7ede0436679ccdfdaf44b44003cd66.jpg,563,1000,2,Fruit_pod,0,0,2,0,,0.0,,,
pods,611,POD-B-v2_REP_0260_jpg.rf.9644e78ce2a75af200758f594e02e1cf.jpg,768,1024,10,Fruit_pod,5,5,5,0,1.0,0.5,0.8722473093965226,Fruit_pod,0.8135451436042785
pods,612,POD-B-v2_CHAL_0165_jpg.rf.271e85fc1e102a9190e40858b642f18c.jpg,456,1024,3,Fruit_pod,0,0,3,0,,0.0,,,
pods,613,POD-B-v2_NEG_0095_jpg.rf.4d56228e8e86ab6fec6d600352c168ec.jpg,768,1024,0,,0,0,0,0,,,,,
pods,614,POD-B-v2_REP_0093_jpg.rf.58b20b2128a86c31db9ee81f17011f92.jpg,472,1024,12,Fruit_pod,3,3,9,0,1.0,0.25,0.8727044988872875,Fruit_pod,0.7284128069877625
pods,615,POD-B-v2_CHAL_0175_jpg.rf.1f1725e97e29d0cb8772198f4de03d92.jpg,460,1024,3,Fruit_pod,0,0,3,0,,0.0,,,
pods,616,POD-B-v2_CHAL_0033_jpg.rf.015b5e5e07b8abbaa305e8018b82660d.jpg,768,1024,6,Fruit_pod,0,0,6,0,,0.0,,,
pods,617,POD-B-v2_CHAL_0114_jpg.rf.c935e3f60745e3b55d63e11335a2c9e3.jpg,456,1024,4,Fruit_pod,0,0,4,0,,0.0,,,
pods,618,POD-B-v2_CHAL_0097_jpg.rf.b14375f0cee869730bb11504874b7bdc.jpg,3048,4064,5,Fruit_pod,4,4,1,0,1.0,0.8,0.7827391905608226,Fruit_pod,0.8289419263601303
pods,619,POD-B-v2_REP_0296_jpg.rf.dd74178701815262c9efb3a2aa0dd2e4.jpg,3060,4080,10,Fruit_pod,1,0,10,1,0.0,0.0,,Fruit_pod,0.7755258083343506
pods,620,POD-B-v2_NEG_0068_jpg.rf.becc884bb264a9c754a3393c3caad494.jpg,460,1024,0,,0,0,0,0,,,,,
pods,621,POD-B-v2_CHAL_0164_jpg.rf.7a00b6e685e11563efd2d9ba6f79fee5.jpg,768,1024,2,Fruit_pod,0,0,2,0,,0.0,,,
pods,622,POD-B-v2_REP_0238_jpg.rf.42a916403ff51b103a13741ef90b43ee.jpg,1024,1024,25,Fruit_pod,4,3,22,1,0.75,0.12,0.7731168481780081,Fruit_pod,0.7026816010475159
pods,623,POD-B-v2_REP_0253_jpg.rf.eaacd41d9c08de0f6bb351027b3a07e7.jpg,768,1024,25,Fruit_pod,11,9,16,2,0.8181818181818182,0.36,0.8457669239064788,Fruit_pod,0.8677275343374773
pods,624,POD-B-v2_REP_0331_jpg.rf.9cd72332544a0c2f5da4ac7cba04264c.jpg,1440,1920,22,Fruit_pod,6,6,16,0,1.0,0.2727272727272727,0.9020401927841825,Fruit_pod,0.7973311245441437
pods,625,POD-B-v2_NEG_0074_jpg.rf.b1560d0e150f725cc7a6b8a5cb3d4522.jpg,438,1024,0,,0,0,0,0,,,,,
pods,626,POD-B-v2_REP_0391_jpg.rf.d62c19f904e6bf0fce65683843f0fd01.jpg,1440,1920,41,Fruit_pod,12,11,30,1,0.9166666666666666,0.2682926829268293,0.8465321084904741,Fruit_pod,0.8411120971043905
pods,627,POD-B-v2_REP_0109_jpg.rf.1102f621becf5451b986ff9002bd58d7.jpg,472,1024,12,Fruit_pod,5,4,8,1,0.8,0.3333333333333333,0.7685851800759941,Fruit_pod,0.7911672711372375
pods,628,POD-B-v2_NEG_0060_jpg.rf.5a9b29690c8f559bcbee1b28bd003304.jpg,768,1024,1,Fruit_pod,0,0,1,0,,0.0,,,
pods,629,POD-B-v2_CHAL_0171_jpg.rf.69809757fe6ac3070383f4b548546b3b.jpg,460,1024,8,Fruit_pod,0,0,8,0,,0.0,,,
pods,630,POD-B-v2_REP_0348_jpg.rf.3ad75db227c684a6b7531dd772cb221d.jpg,1440,1920,8,Fruit_pod,2,2,6,0,1.0,0.25,0.9531076537508688,Fruit_pod,0.9454954266548157
pods,631,POD-B-v2_REP_0182_jpg.rf.a629b776b3de16fcd8a1d5ab863f9e20.jpg,563,1000,25,Fruit_pod,16,14,11,2,0.875,0.56,0.9124817054110846,Fruit_pod,0.7585640661418438
pods,632,POD-B-v2_REP_0046_jpg.rf.5a37dc3c8e66a5a8d13e9fdaedb8ed55.jpg,3060,4080,24,Fruit_pod,14,14,10,0,1.0,0.5833333333333334,0.8889744615203394,Fruit_pod,0.8941625867571149
pods,633,POD-B-v2_NEG_0103_jpg.rf.98acfa377bc40435deb8594cc1863c21.jpg,460,1024,0,,0,0,0,0,,,,,
pods,634,POD-B-v2_NEG_0097_jpg.rf.d1f281c7b2c2341a2792a41f42cf8795.jpg,1024,771,0,,0,0,0,0,,,,,
pods,635,POD-B-v2_CHAL_0166_jpg.rf.2b5a59e03131002ac8efe00839f55e20.jpg,456,1024,1,Fruit_pod,0,0,1,0,,0.0,,,
pods,636,POD-B-v2_REP_0312_jpg.rf.a380d3d5896728042d3cceade2d63331.jpg,3060,4080,20,Fruit_pod,7,6,14,1,0.8571428571428571,0.3,0.8786138856525563,Fruit_pod,0.7741654941013881
pods,637,POD-B-v2_NEG_0011_jpg.rf.9fc846e41837448c87f5b78ab73612ed.jpg,3060,4080,0,,0,0,0,0,,,,,
pods,638,POD-B-v2_REP_0016_jpg.rf.909de7bca6a79e0c618bc97e2803936f.jpg,3000,4000,5,Fruit_pod,5,4,1,1,0.8,0.8,0.9412593491719874,Fruit_pod,0.7534721970558167
pods,639,POD-B-v2_REP_0273_jpg.rf.9f6d0bcf2bb0bdfe8822b5ebba2a5b71.jpg,3060,4080,30,Fruit_pod,15,14,16,1,0.9333333333333333,0.4666666666666667,0.875096782831734,Fruit_pod,0.8879836400349935
pods,640,POD-B-v2_REP_0020_jpg.rf.3af2bc0c3673bda265fa2ff3012d2b83.jpg,3000,4000,10,Fruit_pod,4,4,6,0,1.0,0.4,0.9299304514140134,Fruit_pod,0.9309234172105789
pods,641,POD-B-v2_NEG_0023_jpg.rf.9d196f5e1913462d8409983614f6acfa.jpg,3060,4080,0,,0,0,0,0,,,,,
pods,642,POD-B-v2_REP_0007_jpg.rf.4f4d33bf123d2308ecdacee719e0e36d.jpg,3000,4000,20,Fruit_pod,14,12,8,2,0.8571428571428571,0.6,0.8726890035276683,Fruit_pod,0.8657320439815521
pods,643,POD-B-v2_NEG_0085_jpg.rf.96db5865f75460b16d26aabe4c1afc90.jpg,460,1024,0,,0,0,0,0,,,,,
pods,644,POD-B-v2_NEG_0075_jpg.rf.9c72d23d390f69bb58e25ed98104f809.jpg,438,1024,0,,0,0,0,0,,,,,
pods,645,POD-B-v2_REP_0100_jpg.rf.b9d0f5cae37574958491a6c3c2673e8e.jpg,472,1024,11,Fruit_pod,6,5,6,1,0.8333333333333334,0.45454545454545453,0.8444628267451761,Fruit_pod,0.7645856340726217
pods,646,POD-B-v2_CHAL_0161_jpg.rf.3b917b4a2efe68c8bea83a663dece753.jpg,1024,1024,12,Fruit_pod,0,0,12,0,,0.0,,,
pods,647,POD-B-v2_CHAL_0121_jpg.rf.2185656bd030e66c82c278dd73992597.jpg,768,1024,2,Fruit_pod,0,0,2,0,,0.0,,,
pods,648,POD-B-v2_REP_0378_jpg.rf.7f1f908d86abfe42fd8cc875cd5ae424.jpg,1440,1920,32,Fruit_pod,18,15,17,3,0.8333333333333334,0.46875,0.890776334349695,Fruit_pod,0.7877232498592801
pods,649,POD-B-v2_REP_0234_jpg.rf.9993b71cbfe82e98482a9b7635658bb8.jpg,1024,1024,20,Fruit_pod,7,7,13,0,1.0,0.35,0.8590801595629101,Fruit_pod,0.7163871356419155
pods,650,POD-B-v2_NEG_0073_jpg.rf.11367d4ef1c8a763f54c7911d49c406b.jpg,438,1024,2,Fruit_pod,0,0,2,0,,0.0,,,
pods,651,POD-B-v2_REP_0099_jpg.rf.5b2895398248c74142286be6baefcbbc.jpg,472,1024,4,Fruit_pod,4,3,1,1,0.75,0.75,0.8696560299722761,Fruit_pod,0.6275633722543716
pods,652,POD-B-v2_CHAL_0155_jpg.rf.6695cd6a2475805f1b072d09c5a766c9.jpg,768,1024,3,Fruit_pod,2,2,1,0,1.0,0.6666666666666666,0.9180392739380958,Fruit_pod,0.9486246109008789
pods,653,POD-B-v2_CHAL_0187_jpg.rf.688eb8d13f70dffcc19f172bbc9e9d18.jpg,456,1024,13,Fruit_pod,0,0,13,0,,0.0,,,
pods,654,POD-B-v2_REP_0091_jpg.rf.610078f54ab93a34124e70554ddd8be4.jpg,472,1024,11,Fruit_pod,4,4,7,0,1.0,0.36363636363636365,0.8862096570482251,Fruit_pod,0.8403616547584534
pods,655,POD-B-v2_NEG_0102_jpg.rf.38cd95b20451e08b23576b129fccba1f.jpg,1024,460,0,,0,0,0,0,,,,,
pods,656,POD-B-v2_REP_0081_jpg.rf.3b1d9d0d9bedf8e4683a6c802166fc34.jpg,3060,4080,7,Fruit_pod,5,5,2,0,1.0,0.7142857142857143,0.9664177232752456,Fruit_pod,0.9215948462486268
pods,657,POD-B-v2_NEG_0020_jpg.rf.7c3a1e9d2f33094fe7b87a228af786a2.jpg,3060,4080,0,,0,0,0,0,,,,,
pods,658,POD-B-v2_NEG_0106_jpg.rf.34fe55da9ef5fad06f51d6c62cecdfea.jpg,3060,4080,5,Fruit_pod,0,0,5,0,,0.0,,,
pods,659,POD-B-v2_REP_0044_jpg.rf.edbf931cb0c94e3d73b9a437036c06f3.jpg,4624,3468,8,Fruit_pod,1,1,7,0,1.0,0.125,0.9631975067102893,Fruit_pod,0.9667003750801086
pods,660,POD-B-v2_REP_0027_jpg.rf.6a25ca2bc3620eac6d1fdc7d1207335c.jpg,3468,4624,7,Fruit_pod,5,4,3,1,0.8,0.5714285714285714,0.7788246990602345,Fruit_pod,0.7489178657531739
pods,661,POD-B-v2_NEG_0021_jpg.rf.e287447b20939dc3694b2fdd848f9db3.jpg,3060,4080,0,,0,0,0,0,,,,,
pods,662,POD-B-v2_REP_0375_jpg.rf.977d06b24a361b075373baf6d95130be.jpg,1440,1920,25,Fruit_pod,15,13,12,2,0.8666666666666667,0.52,0.9295646230758652,Fruit_pod,0.8624562700589498
pods,663,POD-B-v2_REP_0304_jpg.rf.7fba34837ee2947b4afb35bf3ea272ab.jpg,3060,4080,16,Fruit_pod,2,2,14,0,1.0,0.125,0.9604567438693512,Fruit_pod,0.9015740156173706
pods,664,POD-B-v2_REP_0216_jpg.rf.b5beeb31f953bb2cd5b132f6b1bb85bd.jpg,3048,4064,8,Fruit_pod,7,7,1,0,1.0,0.875,0.802124974364214,Fruit_pod,0.8691890750612531
pods,665,POD-B-v2_NEG_0041_jpg.rf.4d9ab1b0f7855d2d24b352cd8e150b68.jpg,3120,4160,0,,0,0,0,0,,,,,
pods,666,POD-B-v2_REP_0326_jpg.rf.5effc236dd4f4c4639b6ed3572321234.jpg,1440,1920,10,Fruit_pod,3,3,7,0,1.0,0.3,0.9627549440217997,Fruit_pod,0.810286819934845
pods,667,POD-B-v2_REP_0228_jpg.rf.3c87ed48b4109da9c48c8bd4bbe1424a.jpg,768,1024,12,Fruit_pod,9,9,3,0,1.0,0.75,0.8756773222495721,Fruit_pod,0.9305629399087694
pods,668,POD-B-v2_CHAL_0110_jpg.rf.7eb81c2c685d10665ba25cc0b90df9f6.jpg,3120,4160,2,Fruit_pod,1,1,1,0,1.0,0.5,0.9033569775081608,Fruit_pod,0.8829333186149597
pods,669,POD-B-v2_CHAL_0032_jpg.rf.9afc19c143b432e719d6f55133e13083.jpg,768,1024,5,Fruit_pod,0,0,5,0,,0.0,,,
pods,670,POD-B-v2_REP_0317_jpg.rf.c23129b28336dd033cc3eb3687d9ea91.jpg,1440,1920,3,Fruit_pod,1,1,2,0,1.0,0.3333333333333333,0.8696529438953661,Fruit_pod,0.6255286931991577
pods,671,POD-B-v2_REP_0163_jpg.rf.f812e2e8c2e7dc54e6516f7f4f56e931.jpg,611,1024,10,Fruit_pod,3,2,8,1,0.6666666666666666,0.2,0.8700873883789138,Fruit_pod,0.90272323290507
pods,672,POD-B-v2_CHAL_0168_jpg.rf.6809836ca4424e420e04d70894f0365b.jpg,768,1024,8,Fruit_pod,0,0,8,0,,0.0,,,
pods,673,POD-B-v2_REP_0241_jpg.rf.c16b313f09352638f9e667d784c25e0d.jpg,768,1024,17,Fruit_pod,7,7,10,0,1.0,0.4117647058823529,0.8746091365165382,Fruit_pod,0.8732689278466361
pods,674,POD-B-v2_REP_0345_jpg.rf.527a24e78fb47f25ba005c304de554da.jpg,1440,1920,20,Fruit_pod,1,1,19,0,1.0,0.05,0.9588736781320993,Fruit_pod,0.5426711440086365
pods,675,POD-B-v2_REP_0347_jpg.rf.c1bf9f7878eb13e571c9e8a742d90fd7.jpg,1440,1920,23,Fruit_pod,8,8,15,0,1.0,0.34782608695652173,0.8749092453658376,Fruit_pod,0.8202852755784988
pods,676,POD-B-v2_REP_0316_jpg.rf.6ca3f34344ec715d04bd44809db913f3.jpg,1440,1920,19,Fruit_pod,8,7,12,1,0.875,0.3684210526315789,0.804505990304482,Fruit_pod,0.8785741329193115
pods,677,POD-B-v2_REP_0104_jpg.rf.cdedeb6b0e7b770e3f700b68f03eb154.jpg,472,1024,18,Fruit_pod,5,5,13,0,1.0,0.2777777777777778,0.8311197317089214,Fruit_pod,0.8768336296081543
pods,678,POD-B-v2_REP_0349_jpg.rf.d1a2ebc955b1a2d628d4aed8050287d2.jpg,1440,1920,18,Fruit_pod,9,9,9,0,1.0,0.5,0.8719510755076152,Fruit_pod,0.8749108446968926
pods,679,POD-B-v2_NEG_0065_jpg.rf.f3d509f85debc693b946b12faf6066f8.jpg,472,1024,0,,0,0,0,0,,,,,
pods,680,POD-B-v2_CHAL_0123_jpg.rf.d0121c2d8f1f3f8f76d65d0253199360.jpg,456,1024,1,Fruit_pod,0,0,1,0,,0.0,,,
pods,681,POD-B-v2_REP_0338_jpg.rf.e18b64b39071734d431da16d10fea0cf.jpg,1440,1920,21,Fruit_pod,4,4,17,0,1.0,0.19047619047619047,0.9526701734219941,Fruit_pod,0.9064070284366608
pods,682,POD-B-v2_REP_0097_jpg.rf.98d76c2fd9e6496ccd055d66ab908c7b.jpg,472,1024,13,Fruit_pod,4,3,10,1,0.75,0.23076923076923078,0.890401940975042,Fruit_pod,0.7182752937078476
pods,683,POD-B-v2_REP_0167_jpg.rf.fe6465f46c2f385ff670534ad648dae8.jpg,611,1024,17,Fruit_pod,3,2,15,1,0.6666666666666666,0.11764705882352941,0.9016339945203549,Fruit_pod,0.5996674299240112
pods,684,POD-B-v2_REP_0136_jpg.rf.124d7fb4fcd5b8bb1649bcfa5d68c61b.jpg,1024,1024,10,Fruit_pod,5,5,5,0,1.0,0.5,0.8873557418283392,Fruit_pod,0.868424141407013
pods,685,POD-B-v2_CHAL_0183_jpg.rf.1d3cbf6a7700558fc199fcd4002729df.jpg,768,1024,4,Fruit_pod,1,0,4,1,0.0,0.0,,Fruit_pod,0.8018073439598083
pods,686,POD-B-v2_CHAL_0035_jpg.rf.e112e232ab3dd845602011d185c7d0a6.jpg,460,1024,1,Fruit_pod,0,0,1,0,,0.0,,,
pods,687,POD-B-v2_REP_0373_jpg.rf.ea8cf793e36ef337b3bdf0173792a74e.jpg,1440,1920,37,Fruit_pod,25,23,14,2,0.92,0.6216216216216216,0.9059406708387722,Fruit_pod,0.8595691919326782
pods,688,POD-B-v2_CHAL_0030_jpg.rf.61ec96288ea90e27fa062c4fe785688f.jpg,1024,460,7,Fruit_pod,5,3,4,2,0.6,0.42857142857142855,0.8646646928125051,Fruit_pod,0.6798509001731873
pods,689,POD-B-v2_REP_0399_jpg.rf.1ce887b0999e8c5ee3e30b8756014e0e.jpg,1440,1920,14,Fruit_pod,11,10,4,1,0.9090909090909091,0.7142857142857143,0.8550071499575003,Fruit_pod,0.8330772519111633
pods,690,POD-B-v2_REP_0127_jpg.rf.ec9fc6fda57aba04a4c31c10626fdc99.jpg,472,1024,23,Fruit_pod,12,10,13,2,0.8333333333333334,0.43478260869565216,0.7677963812046189,Fruit_pod,0.7185773948828379
pods,691,POD-B-v2_REP_0129_jpg.rf.c8efdddad90254a382250af96e3cf031.jpg,472,1024,17,Fruit_pod,11,11,6,0,1.0,0.6470588235294118,0.8854697124739833,Fruit_pod,0.8442201560193842
pods,692,POD-B-v2_CHAL_0083_jpg.rf.477af01091bd13644da45e283a089344.jpg,3024,4032,9,Fruit_pod,3,2,7,1,0.6666666666666666,0.2222222222222222,0.9383250333180864,Fruit_pod,0.7571300069491068
pods,693,POD-B-v2_REP_0123_jpg.rf.d426604d9e0b0d1e6a0e2abe6ddbf56b.jpg,472,1024,11,Fruit_pod,5,5,6,0,1.0,0.45454545454545453,0.7880251058442755,Fruit_pod,0.6628953337669372
pods,694,POD-B-v2_CHAL_0141_jpg.rf.21ae8136d212d0cb9bf9354c9d3c44ef.jpg,1024,1024,1,Fruit_pod,0,0,1,0,,0.0,,,
pods,695,POD-B-v2_REP_0160_jpg.rf.2218755467994af98d2f639b4bdd89a5.jpg,611,1024,17,Fruit_pod,9,9,8,0,1.0,0.5294117647058824,0.8733358186674853,Fruit_pod,0.8910682598749796
pods,696,POD-B-v2_REP_0268_jpg.rf.0e356a1e75131bddfdbcf801f9420589.jpg,1024,1024,16,Fruit_pod,11,11,5,0,1.0,0.6875,0.9009478468608682,Fruit_pod,0.8758629777214744
pods,697,POD-B-v2_REP_0162_jpg.rf.0937d95b395514dcaa9a5938e0bcbcfd.jpg,611,1024,29,Fruit_pod,13,11,18,2,0.8461538461538461,0.3793103448275862,0.8899774454369319,Fruit_pod,0.7965540244029119
pods,698,POD-B-v2_REP_0157_jpg.rf.6b037c4a9316e66151cb6e93f70377be.jpg,1024,1024,39,Fruit_pod,17,16,23,1,0.9411764705882353,0.41025641025641024,0.9118568094725339,Fruit_pod,0.8538416694192326
pods,699,POD-B-v2_NEG_0077_jpg.rf.f2883e8b9ec3a83deaf5f4399af58026.jpg,768,1024,0,,0,0,0,0,,,,,
pods,700,POD-B-v2_CHAL_0022_jpg.rf.51445d42ea73f308fb03c050ccdbe666.jpg,472,1024,26,Fruit_pod,5,4,22,1,0.8,0.15384615384615385,0.6840670258618766,Fruit_pod,0.6246346831321716
pods,701,POD-B-v2_REP_0307_jpg.rf.1c224baed0ee7902a4a2dc833c0b357d.jpg,3060,4080,13,Fruit_pod,2,2,11,0,1.0,0.15384615384615385,0.8885691382068113,Fruit_pod,0.843795508146286
pods,702,POD-B-v2_REP_0227_jpg.rf.8ab47e8707569ffb764e8b18917e6102.jpg,768,1024,11,Fruit_pod,5,5,6,0,1.0,0.45454545454545453,0.8040984174555694,Fruit_pod,0.7983001947402955
pods,703,POD-B-v2_REP_0143_jpg.rf.1e94bf8073035be1b21532dff801ceea.jpg,1024,1024,12,Fruit_pod,7,6,6,1,0.8571428571428571,0.5,0.8437957384375002,Fruit_pod,0.84413400718144
pods,704,POD-B-v2_CHAL_0200_jpg.rf.8409ebb86eccaec19f0caccbe202dd19.jpg,1440,1920,4,Fruit_pod,0,0,4,0,,0.0,,,
pods,705,POD-B-v2_REP_0279_jpg.rf.3d1abedd21ca0d9cb718e8684455f4a8.jpg,3060,4080,0,,1,0,0,1,0.0,,,Fruit_pod,0.8879432082176208
