task,image_id,image_name,width,height,gt_count,gt_classes,custom_n_pred,custom_n_both,custom_n_only_gt,custom_n_only_pred,custom_precision_iou50,custom_recall_iou50,custom_mean_matched_iou,custom_pred_classes,custom_mean_score
flowers,0,FL-B-v2_REP_0128_jpg.rf.16112ebcf271735439c8bfd8ad92ff4e.jpg,456,1024,9,"Flower-closed,Flower-open,Plant-Bean",3,2,7,1,0.6666666666666666,0.2222222222222222,0.7915074247171698,"Flower-closed,Plant-Bean",0.6439805825551351
flowers,1,FL-B-v2_REP_0313_jpg.rf.bb929efb71a393d6c3f4c0c3a186c49d.jpg,1440,1920,29,"Flower-closed,Flower-dry,Flower-fallen,Flower-open,Plant-Bean",21,18,11,3,0.8571428571428571,0.6206896551724138,0.8810816926279919,"Flower-closed,Flower-dry,Flower-fallen,Flower-open,Plant-Bean",0.7356318661144802
flowers,2,FL-B-v2_REP_0259_jpg.rf.94e8d44fd9f10d3d1fcf7bfe73f2917c.jpg,1440,1920,20,"Flower-closed,Flower-dry,Flower-fallen,Flower-open,Plant-Bean",11,8,12,3,0.7272727272727273,0.4,0.842306139038864,"Flower-closed,Flower-open,Plant-Bean",0.6736472628333352
flowers,3,FL-B-v2_REP_0229_jpg.rf.1dffb2972a8f460fb2dd47f2e135beb8.jpg,1440,1920,12,"Flower-closed,Flower-dry,Flower-fallen,Flower-open,Plant-Bean",10,8,4,2,0.8,0.6666666666666666,0.8461118769729168,"Flower-closed,Flower-dry,Flower-open,Plant-Bean",0.7821438431739807
flowers,4,FL-B-v2_REP_0125_jpg.rf.bb8e451b73c30317b1a112d818b0773f.jpg,768,1024,8,"Flower-closed,Flower-open,Plant-Bean",7,6,2,1,0.8571428571428571,0.75,0.856922002135298,"Flower-closed,Flower-open,Plant-Bean",0.7194513423102242
flowers,5,FL-B-v2_REP_0130_jpg.rf.32a3d50a7d4c5da420a6325a410d1928.jpg,768,1024,5,"Flower-closed,Flower-open,Plant-Bean",4,4,1,0,1.0,0.8,0.8359373900475005,"Flower-closed,Flower-open,Plant-Bean",0.7672411650419235
flowers,6,FL-B-v2_REP_0126_jpg.rf.128843d4ec1bc5cbb5244a7b021adfb8.jpg,1024,1024,7,"Flower-closed,Flower-open",6,5,2,1,0.8333333333333334,0.7142857142857143,0.8607372517968026,"Flower-closed,Flower-open,Plant-Bean",0.8131766617298126
flowers,7,FL-B-v2_CHAL_0110_jpg.rf.67c8d3d5e106083cf8d1cd40efb7bf4c.jpg,1440,1920,10,"Flower-closed,Flower-dry,Flower-open,Plant-Bean",4,3,7,1,0.75,0.3,0.8657118308027446,"Flower-dry,Flower-open,Plant-Bean",0.5052574053406715
flowers,8,FL-B-v2_REP_0273_jpg.rf.27c03717cb61d26ad60f58c55b7879bb.jpg,1440,1920,27,"Flower-closed,Flower-dry,Flower-fallen,Flower-open,Plant-Bean",16,12,15,4,0.75,0.4444444444444444,0.7557306543765149,"Flower-closed,Flower-dry,Flower-fallen,Flower-open,Plant-Bean",0.6366239991039038
flowers,9,FL-B-v2_REP_0252_jpg.rf.adbeadf0ef0ad6aa3cb2ab6660ac0dc5.jpg,1440,1920,21,"Flower-closed,Flower-dry,Flower-fallen,Flower-open,Plant-Bean",10,9,12,1,0.9,0.42857142857142855,0.8197079648335106,"Flower-closed,Flower-open,Plant-Bean",0.7681019008159637
flowers,10,FL-B-v2_REP_0037_jpg.rf.7ba8df4108c47fa9ca9088cd3f5dde2c.jpg,2448,3264,29,"Flower-closed,Flower-fallen,Flower-open,Plant-Bean",22,19,10,3,0.8636363636363636,0.6551724137931034,0.8455448927704126,"Flower-closed,Flower-open,Plant-Bean",0.7618271735581484
flowers,11,FL-B-v2_REP_0295_jpg.rf.cedb4c1c261e438b13ed2c776df7be94.jpg,1440,1920,28,"Flower-closed,Flower-fallen,Flower-open,Plant-Bean",14,13,15,1,0.9285714285714286,0.4642857142857143,0.8206073220872457,"Flower-closed,Flower-open,Plant-Bean",0.6931006844554629
flowers,12,FL-B-v2_REP_0311_jpg.rf.602f9d652eec1f28937d0736d850f08a.jpg,1440,1920,11,"Flower-closed,Flower-fallen,Flower-open,Plant-Bean",6,4,7,2,0.6666666666666666,0.36363636363636365,0.7556955161393082,"Flower-closed,Flower-open,Plant-Bean",0.6938553353150686
flowers,13,FL-B-v2_REP_0260_jpg.rf.ba4455ab589d94a552e704ec6f97f4ab.jpg,1440,1920,20,"Flower-closed,Flower-dry,Flower-fallen,Flower-open,Plant-Bean",10,7,13,3,0.7,0.35,0.795033903855864,"Flower-closed,Flower-open,Plant-Bean",0.5939332395792007
flowers,14,FL-B-v2_REP_0328_jpg.rf.ec0a9a7222f81cb2f6647b6d8b3da567.jpg,1440,1920,16,"Flower-closed,Flower-dry,Flower-fallen,Flower-open,Plant-Bean",12,9,7,3,0.75,0.5625,0.806808960942736,"Flower-closed,Flower-open,Plant-Bean",0.6724338705341021
flowers,15,FL-B-v2_REP_0238_jpg.rf.d2c7fd52d119b5b86de735469c3bae46.jpg,1440,1920,14,"Flower-closed,Flower-open,Plant-Bean",13,9,5,4,0.6923076923076923,0.6428571428571429,0.8020229005739199,"Flower-closed,Flower-open,Plant-Bean",0.6840466650632712
flowers,16,FL-B-v2_REP_0217_jpg.rf.70992d67788ea3242b9906522e04f83d.jpg,3060,4080,14,"Flower-closed,Flower-fallen,Flower-open,Plant-Bean",9,9,5,0,1.0,0.6428571428571429,0.7935151005149776,"Flower-closed,Flower-open,Plant-Bean",0.754371788766649
flowers,17,FL-B-v2_REP_0176_jpg.rf.0c3069cb23fae7b5bedfb703c9301e2a.jpg,3060,4080,46,"Flower-closed,Flower-dry,Flower-fallen,Flower-open,Plant-Bean",12,11,35,1,0.9166666666666666,0.2391304347826087,0.8736042067697276,"Flower-closed,Flower-open,Plant-Bean",0.7597197492917379
flowers,18,FL-B-v2_REP_0039_jpg.rf.d84b992be775a0af915d8033301f3679.jpg,3264,2448,16,"Flower-closed,Flower-fallen,Flower-open,Plant-Bean",11,9,7,2,0.8181818181818182,0.5625,0.8686586471283462,"Flower-closed,Flower-dry,Flower-fallen,Flower-open,Plant-Bean",0.7397358092394742
flowers,19,FL-B-v2_REP_0223_jpg.rf.3783da001082f1201dd6f79ede13ad05.jpg,1440,1920,19,"Flower-closed,Flower-dry,Flower-fallen,Flower-open,Plant-Bean",8,8,11,0,1.0,0.42105263157894735,0.8475487378369082,"Flower-closed,Flower-open,Plant-Bean",0.7963642477989197
flowers,20,FL-B-v2_CHAL_0066_jpg.rf.df813a8bc7a7d28a219ccc68aa4a9ed7.jpg,460,1024,14,"Flower-closed,Flower-dry,Flower-fallen,Flower-open,Plant-Bean",4,4,10,0,1.0,0.2857142857142857,0.8412642989598729,"Flower-closed,Flower-open,Plant-Bean",0.7343632727861404
flowers,21,FL-B-v2_REP_0271_jpg.rf.7a8fc932f05a57572247dd14dc09554d.jpg,1440,1920,17,"Flower-closed,Flower-dry,Flower-fallen,Flower-open,Plant-Bean",10,7,10,3,0.7,0.4117647058823529,0.8231798545579954,"Flower-closed,Flower-dry,Flower-fallen,Flower-open,Plant-Bean",0.6812491953372956
flowers,22,FL-B-v2_REP_0291_jpg.rf.0394fb9caa0b5d40ab1b0415d300485b.jpg,1440,1920,25,"Flower-closed,Flower-fallen,Flower-open,Plant-Bean",11,11,14,0,1.0,0.44,0.8537463269903683,"Flower-closed,Flower-open,Plant-Bean",0.6538677757436578
flowers,23,FL-B-v2_REP_0204_jpg.rf.8672861d7c66e806a451c76b302bf48d.jpg,3060,4080,17,"Flower-closed,Flower-open,Plant-Bean",13,13,4,0,1.0,0.7647058823529411,0.8367867534850892,"Flower-closed,Flower-open,Plant-Bean",0.7964528248860285
flowers,24,FL-B-v2_REP_0152_jpg.rf.661780c822cb0e25865f0b0df596d716.jpg,1024,472,14,"Flower-closed,Flower-fallen,Flower-open,Plant-Bean",5,3,11,2,0.6,0.21428571428571427,0.8587825443412713,"Flower-closed,Flower-open,Plant-Bean",0.5948031604290008
flowers,25,FL-B-v2_REP_0309_jpg.rf.8bc0bec1fea5ecd07a76bac5a057b874.jpg,1440,1920,10,"Flower-closed,Flower-open,Plant-Bean",5,5,5,0,1.0,0.5,0.862334736045212,"Flower-closed,Flower-open,Plant-Bean",0.7159976363182068
flowers,26,FL-B-v2_REP_0324_jpg.rf.8a4a5cdf8c47cae1a82762dd5ee54ccf.jpg,1440,1920,20,"Flower-closed,Flower-dry,Flower-fallen,Flower-open,Plant-Bean",12,8,12,4,0.6666666666666666,0.4,0.8088031141935279,"Flower-closed,Flower-open,Plant-Bean",0.6532764683167139
flowers,27,FL-B-v2_REP_0154_jpg.rf.47427cea4ea4311072f8466133b0855e.jpg,768,1024,17,"Flower-closed,Flower-open,Plant-Bean",14,14,3,0,1.0,0.8235294117647058,0.8954301904876261,"Flower-closed,Flower-open,Plant-Bean",0.7765361262219292
flowers,28,FL-B-v2_REP_0255_jpg.rf.ccad5bb4f5976bcff79b31b847174a0f.jpg,1440,1920,48,"Flower-closed,Flower-dry,Flower-fallen,Flower-open,Plant-Bean",9,9,39,0,1.0,0.1875,0.8596175108411411,"Flower-closed,Flower-open,Plant-Bean",0.7262459099292755
flowers,29,FL-B-v2_REP_0251_jpg.rf.5e1280db921631bb08555a293c7569f7.jpg,1440,1920,37,"Flower-closed,Flower-dry,Flower-fallen,Flower-open,Plant-Bean",24,19,18,5,0.7916666666666666,0.5135135135135135,0.8096744594420433,"Flower-closed,Flower-dry,Flower-fallen,Flower-open,Plant-Bean",0.7043498766918977
flowers,30,FL-B-v2_REP_0061_jpg.rf.720bdc2f82d0935b0a4dd5b7454da915.jpg,3060,4080,3,Plant-Bean,8,2,1,6,0.25,0.6666666666666666,0.9114643033121776,"Flower-closed,Flower-open,Plant-Bean",0.6539748087525368
flowers,31,FL-B-v2_REP_0211_jpg.rf.d480888b9e9b4943a7d9a1052afe39bc.jpg,3060,4080,10,"Flower-closed,Flower-open,Plant-Bean",6,5,5,1,0.8333333333333334,0.5,0.8643480917148647,"Flower-closed,Flower-open,Plant-Bean",0.8031862676143646
flowers,32,FL-B-v2_CHAL_0073_jpg.rf.f0db288fad41626ac6429544f50f8ba4.jpg,460,1024,3,"Flower-closed,Plant-Bean",1,1,2,0,1.0,0.3333333333333333,0.8253398332432996,Plant-Bean,0.8418275117874146
flowers,33,FL-B-v2_REP_0318_jpg.rf.46ee03ffb9d188e74de7de46319ef07c.jpg,1440,1920,12,"Flower-closed,Flower-dry,Flower-fallen,Flower-open,Plant-Bean",12,7,5,5,0.5833333333333334,0.5833333333333334,0.764859144495549,"Flower-closed,Flower-dry,Flower-fallen,Flower-open,Plant-Bean",0.5422447820504507
flowers,34,FL-B-v2_REP_0294_jpg.rf.34b561e912397761cb118a6308393292.jpg,1440,1920,19,"Flower-closed,Flower-dry,Flower-open,Plant-Bean",9,9,10,0,1.0,0.47368421052631576,0.767865475651916,"Flower-closed,Flower-open",0.6886679331461588
flowers,35,FL-B-v2_REP_0010_jpg.rf.3003bb8636aa74a0979e04c0c3d10a67.jpg,3000,4000,25,"Flower-closed,Flower-dry,Flower-fallen,Flower-open,Plant-Bean",13,8,17,5,0.6153846153846154,0.32,0.8264213554893223,"Flower-closed,Flower-dry,Flower-open,Plant-Bean",0.7593396122638996
flowers,36,FL-B-v2_CHAL_0045_jpg.rf.f9b699b63b8e591674c0631db2e4e3ac.jpg,3060,4080,1,Plant-Bean,4,0,1,4,0.0,0.0,,"Flower-dry,Flower-fallen",0.48348289728164673
flowers,37,FL-B-v2_REP_0121_jpg.rf.1c175835aefea20b7adfe5205d3c14bf.jpg,768,1024,3,"Flower-dry,Flower-open,Plant-Bean",6,1,2,5,0.16666666666666666,0.3333333333333333,0.8175820949863493,"Flower-closed,Flower-dry,Flower-fallen,Plant-Bean",0.7282683253288269
flowers,38,FL-B-v2_REP_0132_jpg.rf.ed62c8d26745873e31eeb159679d8077.jpg,771,1024,10,"Flower-closed,Flower-open,Plant-Bean",12,9,1,3,0.75,0.9,0.8419229781779181,"Flower-closed,Flower-open,Plant-Bean",0.6980758681893349
flowers,39,FL-B-v2_CHAL_0068_jpg.rf.866b68ee40d821f669daf1fda9ea56e5.jpg,1024,1024,8,"Flower-closed,Flower-open,Plant-Bean",6,5,3,1,0.8333333333333334,0.625,0.7521775743582225,"Flower-closed,Flower-open,Plant-Bean",0.697767307360967
flowers,40,FL-B-v2_REP_0056_jpg.rf.bd5ef49e08a6165c4523545be63c383b.jpg,3060,4080,6,"Flower-closed,Plant-Bean",7,5,1,2,0.7142857142857143,0.8333333333333334,0.8162577215784503,"Flower-closed,Plant-Bean",0.7257559810365949
flowers,41,FL-B-v2_CHAL_0114_jpg.rf.2ec789db6b4e4cf3a07672587e2d9ae3.jpg,1440,1920,4,"Flower-closed,Flower-dry,Plant-Bean",2,2,2,0,1.0,0.5,0.905197822363216,"Flower-closed,Plant-Bean",0.6452650427818298
flowers,42,FL-B-v2_REP_0120_jpg.rf.1159be3e2f42accf07e9edc40cd6f737.jpg,472,1024,15,"Flower-closed,Flower-fallen,Flower-open,Plant-Bean",8,5,10,3,0.625,0.3333333333333333,0.882680379559966,"Flower-closed,Flower-open,Plant-Bean",0.8056944310665131
flowers,43,FL-B-v2_REP_0262_jpg.rf.87f3c1af2de3c22d2e70de442a16d694.jpg,1440,1920,16,"Flower-closed,Flower-dry,Flower-open,Plant-Bean",10,8,8,2,0.8,0.5,0.8196892143843572,"Flower-closed,Flower-dry,Flower-open,Plant-Bean",0.6669650256633759
flowers,44,FL-B-v2_REP_0097_jpg.rf.c88718835a001a1a9f029f280a54b3f9.jpg,3060,4080,63,"Flower-closed,Flower-dry,Flower-fallen,Flower-open,Plant-Bean",45,34,29,11,0.7555555555555555,0.5396825396825397,0.8567663928356596,"Flower-closed,Flower-dry,Flower-fallen,Flower-open,Plant-Bean",0.6979937083191342
flowers,45,FL-B-v2_REP_0298_jpg.rf.74b9c507a2b4417a58805904a83f664c.jpg,1440,1920,20,"Flower-closed,Flower-fallen,Flower-open,Plant-Bean",10,5,15,5,0.5,0.25,0.8739384641732976,"Flower-closed,Flower-fallen,Flower-open,Plant-Bean",0.7381544768810272
flowers,46,FL-B-v2_CHAL_0118_jpg.rf.b76a8ef81b5cb5e30a5ddc4eec77d207.jpg,1440,1920,14,"Flower-closed,Flower-dry,Flower-open,Plant-Bean",11,7,7,4,0.6363636363636364,0.5,0.8084591610193581,"Flower-closed,Flower-open,Plant-Bean",0.620831392028115
flowers,47,FL-B-v2_REP_0231_jpg.rf.d8ee71b6b73f4a45fdbe859d5ba25cc2.jpg,1440,1920,21,"Flower-closed,Flower-fallen,Flower-open,Plant-Bean",18,17,4,1,0.9444444444444444,0.8095238095238095,0.8377192584263888,"Flower-closed,Flower-open,Plant-Bean",0.7485234671168857
flowers,48,FL-B-v2_REP_0101_jpg.rf.bd9ac937a886e6415192644ee810d019.jpg,3060,4080,15,"Flower-closed,Flower-fallen,Flower-open,Plant-Bean",14,10,5,4,0.7142857142857143,0.6666666666666666,0.8816637393326936,"Flower-closed,Flower-open,Plant-Bean",0.7000391291720527
flowers,49,FL-B-v2_REP_0031_jpg.rf.3bdf4a23904083b0a4ec8dab97599a4e.jpg,3468,4624,10,"Flower-closed,Flower-fallen,Flower-open,Plant-Bean",4,4,6,0,1.0,0.4,0.8581167895358925,"Flower-closed,Flower-open,Plant-Bean",0.7735994309186935
flowers,50,FL-B-v2_REP_0134_jpg.rf.b49495b17485d3f6ed61ecf1d19d9141.jpg,460,1024,11,"Flower-closed,Flower-fallen,Flower-open,Plant-Bean",5,4,7,1,0.8,0.36363636363636365,0.8127518873562748,"Flower-closed,Flower-open,Plant-Bean",0.7238067507743835
flowers,51,FL-B-v2_REP_0080_jpg.rf.e4472e12ae35d7b5eb5c1c988175d227.jpg,3060,4080,13,"Flower-closed,Flower-open,Plant-Bean",14,12,1,2,0.8571428571428571,0.9230769230769231,0.8759613148070167,"Flower-closed,Flower-open,Plant-Bean",0.7678789496421814
flowers,52,FL-B-v2_CHAL_0079_jpg.rf.95559e1a8a3653b10920eb8188870ddc.jpg,768,1024,4,"Flower-closed,Plant-Bean",3,3,1,0,1.0,0.75,0.7297372051360282,"Flower-closed,Plant-Bean",0.8064461747805277
flowers,53,FL-B-v2_REP_0088_jpg.rf.33e43d1614512dbf078877a56d7b977b.jpg,3060,4080,39,"Flower-closed,Flower-dry,Flower-fallen,Flower-open,Plant-Bean",29,21,18,8,0.7241379310344828,0.5384615384615384,0.8713200657632966,"Flower-closed,Flower-dry,Flower-fallen,Flower-open,Plant-Bean",0.7053373384064642
flowers,54,FL-B-v2_REP_0224_jpg.rf.4117bbf9c1345e9f30e1b1a709f1c470.jpg,1440,1920,23,"Flower-closed,Flower-dry,Flower-fallen,Flower-open,Plant-Bean",11,10,13,1,0.9090909090909091,0.43478260869565216,0.8357312099146144,"Flower-closed,Flower-dry,Flower-open,Plant-Bean",0.6699456978927959
flowers,55,FL-B-v2_REP_0017_jpg.rf.961515864ee21810d195b23650f91fb7.jpg,3468,4624,18,"Flower-closed,Flower-fallen,Flower-open,Plant-Bean",11,11,7,0,1.0,0.6111111111111112,0.8222970391264746,"Flower-closed,Flower-open,Plant-Bean",0.6909582750363783
flowers,56,FL-B-v2_REP_0013_jpg.rf.94bf1ef96c742a18efd0d45bfd398ae0.jpg,3468,4624,11,"Flower-closed,Flower-open,Plant-Bean",9,8,3,1,0.8888888888888888,0.7272727272727273,0.8648172231265772,"Flower-closed,Flower-open,Plant-Bean",0.6907200084792243
flowers,57,FL-B-v2_CHAL_0074_jpg.rf.283ac93239c0c3370a4f481e7ec0a26f.jpg,768,1024,11,"Flower-closed,Flower-open,Plant-Bean",10,8,3,2,0.8,0.7272727272727273,0.8538533672565587,"Flower-closed,Flower-open,Plant-Bean",0.7675517439842224
flowers,58,FL-B-v2_CHAL_0109_jpg.rf.4e2357797a65c9aa45004c6905a29558.jpg,1440,1920,9,"Flower-closed,Flower-open,Plant-Bean",4,4,5,0,1.0,0.4444444444444444,0.7770205022143428,"Flower-closed,Flower-open,Plant-Bean",0.6929121688008308
flowers,59,FL-B-v2_CHAL_0090_jpg.rf.f1fb47f56562c7c5a3c88d64907a80f3.jpg,3060,4080,18,"Flower-closed,Flower-dry,Flower-open,Plant-Bean",16,8,10,8,0.5,0.4444444444444444,0.8827094952857344,"Flower-closed,Flower-dry,Flower-open,Plant-Bean",0.8022229261696339
flowers,60,FL-B-v2_REP_0165_jpg.rf.64b2cfcd3d801364cc16b921fbe4b4a4.jpg,1024,1024,18,"Flower-closed,Flower-fallen,Flower-open,Plant-Bean",8,6,12,2,0.75,0.3333333333333333,0.8472481028262037,"Flower-closed,Flower-fallen,Flower-open,Plant-Bean",0.7833014540374279
flowers,61,FL-B-v2_REP_0320_jpg.rf.bf8230c8d92d37d4fc4dc09b510afbce.jpg,1440,1920,20,"Flower-closed,Flower-fallen,Flower-open,Plant-Bean",9,7,13,2,0.7777777777777778,0.35,0.8116440226293014,"Flower-closed,Flower-fallen,Flower-open,Plant-Bean",0.6356058385637071
flowers,62,FL-B-v2_REP_0246_jpg.rf.cb0ec9226e345f04fdf5bf8785ada883.jpg,1440,1920,23,"Flower-closed,Flower-fallen,Flower-open,Plant-Bean",9,9,14,0,1.0,0.391304347826087,0.823971452178883,"Flower-closed,Flower-open,Plant-Bean",0.6901282734341092
flowers,63,FL-B-v2_REP_0258_jpg.rf.519721ca64a270ceb449687d57d68dbd.jpg,1440,1920,26,"Flower-closed,Flower-dry,Flower-fallen,Flower-open,Plant-Bean",4,4,22,0,1.0,0.15384615384615385,0.8816554303677461,"Flower-closed,Flower-open,Plant-Bean",0.6914487332105637
flowers,64,FL-B-v2_REP_0028_jpg.rf.07cc0236d0e12e60429b991a105aba41.jpg,3468,4624,22,"Flower-closed,Flower-fallen,Flower-open,Plant-Bean",7,6,16,1,0.8571428571428571,0.2727272727272727,0.8708516540595276,"Flower-closed,Flower-open,Plant-Bean",0.7835497174944196
flowers,65,FL-B-v2_CHAL_0011_jpg.rf.8b745add137a45078fa7b179f87d5c77.jpg,3468,4624,22,"Flower-dry,Flower-fallen,Flower-open,Plant-Bean",7,4,18,3,0.5714285714285714,0.18181818181818182,0.8901642483004907,"Flower-fallen,Flower-open,Plant-Bean",0.655656601701464
flowers,66,FL-B-v2_REP_0098_jpg.rf.d9f076d10921476e3286f0ebd32594f3.jpg,3060,4080,25,"Flower-closed,Flower-dry,Flower-fallen,Flower-open,Plant-Bean",13,9,16,4,0.6923076923076923,0.36,0.8624417085943601,"Flower-closed,Flower-fallen,Flower-open,Plant-Bean",0.6999130524121798
flowers,67,FL-B-v2_REP_0189_jpg.rf.5b548b43b62fa55d73fc7a3379ee80dc.jpg,3060,4080,13,"Flower-closed,Flower-open,Plant-Bean",5,5,8,0,1.0,0.38461538461538464,0.7888595901583306,"Flower-closed,Flower-open,Plant-Bean",0.6873498558998108
flowers,68,FL-B-v2_REP_0242_jpg.rf.7de454a7dc416b105e319e0f78910020.jpg,1440,1920,22,"Flower-closed,Flower-dry,Flower-open,Plant-Bean",7,7,15,0,1.0,0.3181818181818182,0.7436051018637551,"Flower-closed,Flower-open,Plant-Bean",0.7877565962927682
flowers,69,FL-B-v2_CHAL_0097_jpg.rf.80edb0fd98536b203dc74f42c5ad15ef.jpg,3060,4080,20,"Flower-closed,Flower-dry,Flower-fallen,Flower-open,Plant-Bean",6,5,15,1,0.8333333333333334,0.25,0.9335675039204915,"Flower-closed,Flower-open,Plant-Bean",0.6764613290627798
flowers,70,FL-B-v2_REP_0075_jpg.rf.c80daee8434cbefac0f42cf8bf5cd1e8.jpg,3060,4080,14,"Flower-closed,Flower-fallen,Flower-open,Plant-Bean",12,9,5,3,0.75,0.6428571428571429,0.8690807086233919,"Flower-closed,Flower-open,Plant-Bean",0.7462164213260015
flowers,71,FL-B-v2_REP_0033_jpg.rf.1cb023f5103053e0d321628a7a1936c3.jpg,2448,3264,18,"Flower-closed,Flower-fallen,Flower-open,Plant-Bean",13,12,6,1,0.9230769230769231,0.6666666666666666,0.8870529348622881,"Flower-closed,Flower-open,Plant-Bean",0.7684897780418396
flowers,72,FL-B-v2_REP_0052_jpg.rf.4cc97a1821e1a84705d9435e7b6d8f85.jpg,3000,4000,62,"Flower-closed,Flower-dry,Flower-fallen,Flower-open,Plant-Bean",26,19,43,7,0.7307692307692307,0.3064516129032258,0.8393649778597232,"Flower-closed,Flower-dry,Flower-fallen,Flower-open,Plant-Bean",0.6874215247539374
flowers,73,FL-B-v2_REP_0182_jpg.rf.bc6c15ce563a3389cef53421ccaf8830.jpg,3060,4080,14,"Flower-closed,Flower-open,Plant-Bean",8,7,7,1,0.875,0.5,0.7555756422390922,"Flower-closed,Flower-open,Plant-Bean",0.7329856157302856
flowers,74,FL-B-v2_REP_0071_jpg.rf.fa35aa7f92e484397cef5385b686c6a3.jpg,3060,4080,4,Plant-Bean,6,1,3,5,0.16666666666666666,0.25,0.5853366025741591,"Flower-closed,Flower-open,Plant-Bean",0.635431965192159
flowers,75,FL-B-v2_REP_0175_jpg.rf.f65f1bf821fec617e7610d99997fb37d.jpg,3060,4080,38,"Flower-closed,Flower-fallen,Flower-open,Plant-Bean",11,9,29,2,0.8181818181818182,0.23684210526315788,0.8358578293983566,"Flower-closed,Flower-open,Plant-Bean",0.73540799184279
flowers,76,FL-B-v2_REP_0289_jpg.rf.2ce6275689a38148b3146aea19d29db8.jpg,1440,1920,14,"Flower-closed,Flower-fallen,Flower-open,Plant-Bean",15,7,7,8,0.4666666666666667,0.5,0.8276639437129779,"Flower-closed,Flower-fallen,Flower-open,Plant-Bean",0.6079257786273956
flowers,77,FL-B-v2_REP_0143_jpg.rf.116d6864fb1990bdcdf3af58acc33e5a.jpg,456,1024,24,"Flower-closed,Flower-dry,Flower-fallen,Flower-open,Plant-Bean",7,5,19,2,0.7142857142857143,0.20833333333333334,0.8931126193594228,"Flower-closed,Flower-dry,Flower-open,Plant-Bean",0.6759839228221348
flowers,78,FL-B-v2_CHAL_0058_jpg.rf.4e2a9a2a8f67e031527f4ae46b7bfe15.jpg,768,1024,6,"Flower-closed,Flower-open,Plant-Bean",5,3,3,2,0.6,0.5,0.8866057630204048,"Flower-closed,Flower-dry,Flower-open,Plant-Bean",0.7285308599472046
flowers,79,FL-B-v2_REP_0285_jpg.rf.bc86101ae97c2cc3ce724f8cba84eb63.jpg,1440,1920,15,"Flower-closed,Flower-fallen,Flower-open,Plant-Bean",5,4,11,1,0.8,0.26666666666666666,0.9044184506983737,"Flower-closed,Flower-open,Plant-Bean",0.7362577557563782
flowers,80,FL-B-v2_REP_0256_jpg.rf.54ba946e3b1414706f0fce8bbf550d6f.jpg,1440,1920,22,"Flower-closed,Flower-dry,Flower-fallen,Flower-open,Plant-Bean",7,7,15,0,1.0,0.3181818181818182,0.8386275964534761,"Flower-closed,Flower-fallen,Flower-open,Plant-Bean",0.661712395293372
flowers,81,FL-B-v2_REP_0280_jpg.rf.ff7c3dadc0d2257137071d15b13b4e0a.jpg,1440,1920,20,"Flower-closed,Flower-fallen,Flower-open,Plant-Bean",12,11,9,1,0.9166666666666666,0.55,0.8599420380812958,"Flower-closed,Flower-fallen,Flower-open,Plant-Bean",0.7092747415105501
flowers,82,FL-B-v2_REP_0269_jpg.rf.a6807128872bcbdf21e81de9c4dd8bd7.jpg,1440,1920,15,"Flower-closed,Flower-dry,Flower-fallen,Flower-open,Plant-Bean",9,4,11,5,0.4444444444444444,0.26666666666666666,0.8134331028635682,"Flower-closed,Flower-dry,Flower-fallen,Flower-open,Plant-Bean",0.6722225182586246
flowers,83,FL-B-v2_CHAL_0111_jpg.rf.5548a8c23ca96b879d5c45ce8fd08ad5.jpg,1440,1920,5,"Flower-closed,Flower-dry,Flower-open,Plant-Bean",3,2,3,1,0.6666666666666666,0.4,0.9501780772256312,"Flower-closed,Flower-open,Plant-Bean",0.8202566305796305
flowers,84,FL-B-v2_REP_0055_jpg.rf.f77558839fd1d6ecb44e7f3b588c7b46.jpg,3000,4000,112,"Flower-closed,Flower-dry,Flower-fallen,Flower-open,Plant-Bean",66,51,61,15,0.7727272727272727,0.45535714285714285,0.8069854094317612,"Flower-closed,Flower-dry,Flower-fallen,Flower-open,Plant-Bean",0.6300699801156016
flowers,85,FL-B-v2_REP_0077_jpg.rf.7df6364d51b324206338f2ef3340b35c.jpg,3060,4080,34,"Flower-closed,Flower-fallen,Flower-open,Plant-Bean",26,19,15,7,0.7307692307692307,0.5588235294117647,0.8723945464001254,"Flower-closed,Flower-open,Plant-Bean",0.7497892712171261
flowers,86,FL-B-v2_REP_0107_jpg.rf.e27561f9b45aea4b504eaa6cfbaeca3c.jpg,3060,4080,10,"Flower-closed,Flower-open,Plant-Bean",6,6,4,0,1.0,0.6,0.771215193469315,"Flower-closed,Flower-open,Plant-Bean",0.7405052483081818
flowers,87,FL-B-v2_CHAL_0001_jpg.rf.53689c1d20b5f5a987da11db326838e2.jpg,2448,3264,58,"Flower-closed,Flower-dry,Flower-fallen,Flower-open,Plant-Bean",11,10,48,1,0.9090909090909091,0.1724137931034483,0.752735687892353,"Flower-closed,Flower-fallen,Flower-open,Plant-Bean",0.6520679972388528
flowers,88,FL-B-v2_REP_0019_jpg.rf.5d7abee10cb3643e8d72bbeb723276b7.jpg,3468,4624,34,"Flower-closed,Flower-open,Plant-Bean",18,17,17,1,0.9444444444444444,0.5,0.8356128997068779,"Flower-closed,Flower-open,Plant-Bean",0.7107788158787621
flowers,89,FL-B-v2_CHAL_0085_jpg.rf.014590029916333fde1e5776bd9f72df.jpg,768,1024,18,"Flower-closed,Flower-dry,Flower-fallen,Flower-open,Plant-Bean",17,14,4,3,0.8235294117647058,0.7777777777777778,0.8879489308319357,"Flower-closed,Flower-dry,Flower-open,Plant-Bean",0.8039028679623323
flowers,90,FL-B-v2_REP_0158_jpg.rf.b71d69e2f3c67e409052e4f317ab6396.jpg,472,1024,12,"Flower-closed,Flower-dry,Flower-fallen,Flower-open,Plant-Bean",4,4,8,0,1.0,0.3333333333333333,0.8751765394889902,"Flower-closed,Flower-open,Plant-Bean",0.7667013704776764
flowers,91,FL-B-v2_REP_0301_jpg.rf.4e6f7845b8be60840efa674582f4786f.jpg,1440,1920,34,"Flower-closed,Flower-dry,Flower-fallen,Flower-open,Plant-Bean",22,17,17,5,0.7727272727272727,0.5,0.8322096772351226,"Flower-closed,Flower-fallen,Flower-open,Plant-Bean",0.6668784875761379
flowers,92,FL-B-v2_REP_0277_jpg.rf.66214e2d724e155bd832b3a38055e36d.jpg,1440,1920,27,"Flower-closed,Flower-fallen,Flower-open,Plant-Bean",8,7,20,1,0.875,0.25925925925925924,0.8382530452631328,"Flower-closed,Flower-fallen,Flower-open,Plant-Bean",0.6690939702093601
flowers,93,FL-B-v2_REP_0265_jpg.rf.4dd4bdc7e2f4a869f0c2e04c2800753d.jpg,1440,1920,24,"Flower-closed,Flower-dry,Flower-fallen,Flower-open,Plant-Bean",10,8,16,2,0.8,0.3333333333333333,0.8063230172997,"Flower-closed,Flower-dry,Flower-fallen,Flower-open,Plant-Bean",0.707922738790512
flowers,94,FL-B-v2_CHAL_0026_jpg.rf.57e92da71d5c59c333f4fe3069cfdf7e.jpg,3060,4080,4,Flower-fallen,3,2,2,1,0.6666666666666666,0.5,0.8835764269399231,Flower-fallen,0.7041418552398682
flowers,95,FL-B-v2_REP_0299_jpg.rf.2620931aaea26f06ef2906fe5529c4f1.jpg,1440,1920,55,"Flower-closed,Flower-dry,Flower-fallen,Flower-open,Plant-Bean",29,23,32,6,0.7931034482758621,0.41818181818181815,0.8288808978278752,"Flower-closed,Flower-fallen,Flower-open,Plant-Bean",0.7222493938330946
flowers,96,FL-B-v2_REP_0065_jpg.rf.d12ba197133654644e0f46b6c696f5fe.jpg,3060,4080,2,Plant-Bean,7,2,0,5,0.2857142857142857,1.0,0.984488463711288,"Flower-closed,Flower-open,Plant-Bean",0.7660148228917804
flowers,97,FL-B-v2_CHAL_0023_jpg.rf.5b24045be26d350e81cb2705727db9fb.jpg,3060,4080,8,"Flower-closed,Flower-dry,Flower-fallen,Flower-open",5,2,6,3,0.4,0.25,0.9178141678158975,"Flower-closed,Flower-dry,Plant-Bean",0.6873507916927337
flowers,98,FL-B-v2_REP_0070_jpg.rf.2bf5e1cbd031c9567893b51f304585c6.jpg,3060,4080,5,Plant-Bean,7,3,2,4,0.42857142857142855,0.6,0.6826787386214833,"Flower-closed,Flower-open,Plant-Bean",0.7615388120923724
flowers,99,FL-B-v2_CHAL_0038_jpg.rf.4f82edf0658f58f83463603e4fedcc0c.jpg,3060,4080,48,"Flower-closed,Flower-dry,Flower-fallen,Flower-open,Plant-Bean",23,17,31,6,0.7391304347826086,0.3541666666666667,0.8107584029690196,"Flower-closed,Flower-fallen,Flower-open,Plant-Bean",0.670125953529192
flowers,100,FL-B-v2_REP_0177_jpg.rf.f4b8b0041b7cb28668928286c082847d.jpg,3060,4080,48,"Flower-closed,Flower-dry,Flower-fallen,Flower-open,Plant-Bean",11,10,38,1,0.9090909090909091,0.20833333333333334,0.8274722689221043,"Flower-closed,Flower-open,Plant-Bean",0.7335362705317411
flowers,101,FL-B-v2_CHAL_0021_jpg.rf.5d7eb56bba903c7623e079b0302d4f51.jpg,3060,4080,11,"Flower-closed,Flower-dry,Flower-fallen,Flower-open,Plant-Bean",12,8,3,4,0.6666666666666666,0.7272727272727273,0.8495434386585704,"Flower-closed,Flower-fallen,Flower-open,Plant-Bean",0.7411825408538183
flowers,102,FL-B-v2_REP_0247_jpg.rf.d93afdb79045844d79b4b0a63f714eb3.jpg,1440,1920,34,"Flower-closed,Flower-dry,Flower-open,Plant-Bean",16,14,20,2,0.875,0.4117647058823529,0.817773065224065,"Flower-closed,Flower-open,Plant-Bean",0.6791915111243725
flowers,103,FL-B-v2_REP_0100_jpg.rf.593f0ce2c29a59a318f8e3710cde5f66.jpg,3060,4080,15,"Flower-closed,Flower-dry,Flower-fallen,Flower-open,Plant-Bean",14,10,5,4,0.7142857142857143,0.6666666666666666,0.860231720110562,"Flower-closed,Flower-fallen,Flower-open,Plant-Bean",0.7472644405705589
flowers,104,FL-B-v2_REP_0044_jpg.rf.a1f05da113582aa397e040a91175c05a.jpg,3468,4624,44,"Flower-closed,Flower-dry,Flower-fallen,Flower-open,Plant-Bean",20,16,28,4,0.8,0.36363636363636365,0.8366719642113608,"Flower-closed,Flower-dry,Flower-fallen,Flower-open,Plant-Bean",0.6876654237508774
flowers,105,FL-B-v2_REP_0090_jpg.rf.cd82195de2968b19b3946ef9ea0aa84e.jpg,3060,4080,19,"Flower-closed,Flower-dry,Flower-fallen,Flower-open,Plant-Bean",17,15,4,2,0.8823529411764706,0.7894736842105263,0.8709594402545974,"Flower-closed,Flower-dry,Flower-fallen,Flower-open,Plant-Bean",0.782338468467488
flowers,106,FL-B-v2_REP_0171_jpg.rf.19bba2ab9fbdab3667339b2e52dc5f95.jpg,3060,4080,39,"Flower-closed,Flower-dry,Flower-fallen,Flower-open,Plant-Bean",6,5,34,1,0.8333333333333334,0.1282051282051282,0.809609498982512,"Flower-closed,Flower-open,Plant-Bean",0.7060191134611765
flowers,107,FL-B-v2_REP_0178_jpg.rf.7c7bb0172ee9692b41fae30f42b30018.jpg,3060,4080,27,"Flower-closed,Flower-dry,Flower-open,Plant-Bean",18,15,12,3,0.8333333333333334,0.5555555555555556,0.8488277120554599,"Flower-closed,Flower-dry,Flower-fallen,Flower-open,Plant-Bean",0.7331864221228493
flowers,108,FL-B-v2_CHAL_0052_jpg.rf.20531206c8a12b87e470409f24b1086e.jpg,1024,472,13,"Flower-closed,Flower-open,Plant-Bean",7,4,9,3,0.5714285714285714,0.3076923076923077,0.8473833068734431,"Flower-closed,Flower-open,Plant-Bean",0.6467648489134652
flowers,109,FL-B-v2_CHAL_0015_jpg.rf.252ce36aecf02896c121de4e1655a360.jpg,2448,3264,12,"Flower-closed,Flower-open,Plant-Bean",13,11,1,2,0.8461538461538461,0.9166666666666666,0.7787319789919604,"Flower-closed,Flower-open,Plant-Bean",0.7621881319926336
flowers,110,FL-B-v2_REP_0116_jpg.rf.a2e4e4f58d2ef36443bd83154a15d186.jpg,1024,768,12,"Flower-closed,Flower-fallen,Flower-open,Plant-Bean",6,6,6,0,1.0,0.5,0.9013452930725628,"Flower-closed,Flower-open,Plant-Bean",0.8638424674669901
flowers,111,FL-B-v2_REP_0159_jpg.rf.631770c35d2da6d76bfa420e15fcd7c2.jpg,456,1024,15,"Flower-closed,Flower-fallen,Flower-open,Plant-Bean",3,3,12,0,1.0,0.2,0.8464123852126871,"Flower-closed,Flower-open,Plant-Bean",0.8626688520113627
flowers,112,FL-B-v2_CHAL_0081_jpg.rf.aaaf0ff6605475ce95ff5d44f4e66596.jpg,1024,1024,7,"Flower-closed,Flower-open,Plant-Bean",9,7,0,2,0.7777777777777778,1.0,0.8350176396624273,"Flower-closed,Flower-open,Plant-Bean",0.8201415141423544
flowers,113,FL-B-v2_REP_0153_jpg.rf.ebf38e867ea4494a285aebff6db9207d.jpg,768,1024,9,"Flower-closed,Flower-open,Plant-Bean",7,7,2,0,1.0,0.7777777777777778,0.9179872409228639,"Flower-closed,Flower-open,Plant-Bean",0.8638112800461906
flowers,114,FL-B-v2_REP_0292_jpg.rf.4616a940d95edeb8f2914619e092f206.jpg,1440,1920,22,"Flower-closed,Flower-fallen,Flower-open,Plant-Bean",23,15,7,8,0.6521739130434783,0.6818181818181818,0.8114060509825589,"Flower-closed,Flower-fallen,Flower-open,Plant-Bean",0.6481777610986129
flowers,115,FL-B-v2_REP_0243_jpg.rf.9599baed84f6937bb01b27baa7410cf4.jpg,1440,1920,29,"Flower-closed,Flower-dry,Flower-fallen,Flower-open,Plant-Bean",15,12,17,3,0.8,0.41379310344827586,0.8106945489875241,"Flower-closed,Flower-dry,Flower-open,Plant-Bean",0.5911563515663147
flowers,116,FL-B-v2_REP_0030_jpg.rf.7b3b4d66e5d80df24cd03055e099d87d.jpg,3468,4624,23,"Flower-closed,Flower-open,Plant-Bean",10,10,13,0,1.0,0.43478260869565216,0.8237378808575032,"Flower-closed,Flower-open,Plant-Bean",0.7205321609973907
flowers,117,FL-B-v2_REP_0085_jpg.rf.254fad7d6ae070aa8159ee7f929b973a.jpg,3060,4080,43,"Flower-closed,Flower-dry,Flower-fallen,Flower-open,Plant-Bean",31,25,18,6,0.8064516129032258,0.5813953488372093,0.8746106334204069,"Flower-closed,Flower-fallen,Flower-open,Plant-Bean",0.7740301797466893
flowers,118,FL-B-v2_CHAL_0046_jpg.rf.6f59afee4a1633019fa538d048ae8f49.jpg,3060,4080,10,"Flower-closed,Flower-fallen,Flower-open,Plant-Bean",6,6,4,0,1.0,0.6,0.827128411554189,"Flower-closed,Flower-open,Plant-Bean",0.6662209928035736
flowers,119,FL-B-v2_REP_0117_jpg.rf.88a1f725323630cd029714a4b77c6b61.jpg,765,1020,10,"Flower-closed,Flower-open,Plant-Bean",7,3,7,4,0.42857142857142855,0.3,0.800143374784034,"Flower-closed,Flower-open,Plant-Bean",0.6197240437780108
flowers,120,FL-B-v2_REP_0228_jpg.rf.4e2ae496fd5cfe52d29419fc49b65158.jpg,1440,1920,15,"Flower-closed,Flower-dry,Flower-fallen,Flower-open,Plant-Bean",6,5,10,1,0.8333333333333334,0.3333333333333333,0.7273526127745698,"Flower-closed,Plant-Bean",0.7192375759283701
flowers,121,FL-B-v2_REP_0232_jpg.rf.2ed3101c86fd69a85661463412b6a43c.jpg,1440,1920,11,"Flower-closed,Flower-open,Plant-Bean",10,10,1,0,1.0,0.9090909090909091,0.8662038991763895,"Flower-closed,Flower-open,Plant-Bean",0.7252238601446152
flowers,122,FL-B-v2_REP_0194_jpg.rf.27e4de4f076299ddad9f2b76acd4654e.jpg,3060,4080,6,"Flower-closed,Plant-Bean",2,2,4,0,1.0,0.3333333333333333,0.7732529340825698,Plant-Bean,0.9200380146503448
flowers,123,FL-B-v2_REP_0274_jpg.rf.5bf9d3603930c39a1b35535d59d535bc.jpg,1440,1920,25,"Flower-closed,Flower-dry,Flower-fallen,Flower-open,Plant-Bean",11,9,16,2,0.8181818181818182,0.36,0.8129600980461531,"Flower-closed,Flower-dry,Flower-fallen,Flower-open,Plant-Bean",0.6557224067774686
flowers,124,FL-B-v2_REP_0142_jpg.rf.117ce09107816adb8312eff5731328c6.jpg,1024,1024,15,"Flower-closed,Flower-fallen,Flower-open,Plant-Bean",5,5,10,0,1.0,0.3333333333333333,0.8300076668796212,"Flower-closed,Flower-open,Plant-Bean",0.7465674757957459
flowers,125,FL-B-v2_REP_0261_jpg.rf.9ce41efc2d4f2beacc973fd7f3a6aaa2.jpg,1440,1920,15,"Flower-closed,Flower-fallen,Flower-open,Plant-Bean",16,10,5,6,0.625,0.6666666666666666,0.8396285014895376,"Flower-closed,Flower-dry,Flower-fallen,Flower-open,Plant-Bean",0.6646750010550022
flowers,126,FL-B-v2_REP_0196_jpg.rf.8dc31cec843857952b34852f7dd0349a.jpg,3060,4080,5,"Flower-closed,Plant-Bean",5,4,1,1,0.8,0.8,0.8647216610133265,"Flower-closed,Flower-open,Plant-Bean",0.7300419092178345
flowers,127,FL-B-v2_REP_0213_jpg.rf.9411de36429e7d25b781724f0c4ef79e.jpg,3060,4080,15,"Flower-closed,Flower-open,Plant-Bean",12,11,4,1,0.9166666666666666,0.7333333333333333,0.7986682440161846,"Flower-closed,Flower-open,Plant-Bean",0.7166990141073862
flowers,128,FL-B-v2_CHAL_0028_jpg.rf.253dd07920273f3eb2e8da4b2599e398.jpg,3060,4080,26,"Flower-closed,Flower-fallen,Flower-open,Plant-Bean",7,6,20,1,0.8571428571428571,0.23076923076923078,0.8777877311135645,"Flower-closed,Flower-fallen,Plant-Bean",0.6422668354851859
flowers,129,FL-B-v2_REP_0225_jpg.rf.e15c0522032ef52f1df8de002236929c.jpg,1440,1920,13,"Flower-closed,Flower-dry,Flower-fallen,Flower-open,Plant-Bean",7,5,8,2,0.7142857142857143,0.38461538461538464,0.8081830361227272,"Flower-closed,Flower-open,Plant-Bean",0.5882249815123421
flowers,130,FL-B-v2_REP_0302_jpg.rf.747356d87eb29b9b037e094600efcbd0.jpg,3060,4080,7,"Flower-closed,Flower-fallen,Flower-open,Plant-Bean",5,3,4,2,0.6,0.42857142857142855,0.7204789385604812,"Flower-closed,Flower-open,Plant-Bean",0.6655801773071289
flowers,131,FL-B-v2_REP_0202_jpg.rf.2a3af0691c4a08d4fecee9b5d36e6373.jpg,3060,4080,15,"Flower-closed,Flower-open,Plant-Bean",10,8,7,2,0.8,0.5333333333333333,0.7658085421486693,"Flower-closed,Flower-open,Plant-Bean",0.609426298737526
flowers,132,FL-B-v2_CHAL_0062_jpg.rf.9cbf68af7d47fbf8b195dc55c5939d34.jpg,472,1024,10,"Flower-closed,Flower-fallen,Flower-open,Plant-Bean",11,8,2,3,0.7272727272727273,0.8,0.8450051091378656,"Flower-closed,Flower-dry,Flower-fallen,Flower-open,Plant-Bean",0.618084655566649
flowers,133,FL-B-v2_REP_0124_jpg.rf.685df7bf182e252dfc9b997344b6eeee.jpg,768,1024,8,"Flower-closed,Flower-fallen,Flower-open,Plant-Bean",6,5,3,1,0.8333333333333334,0.625,0.8535599325423829,"Flower-closed,Flower-open,Plant-Bean",0.8407122095425924
flowers,134,FL-B-v2_CHAL_0105_jpg.rf.42989da9f568dc8232b2f347d5d2f424.jpg,1440,1920,15,"Flower-closed,Flower-fallen,Flower-open,Plant-Bean",16,7,8,9,0.4375,0.4666666666666667,0.8327339577700364,"Flower-closed,Flower-open,Plant-Bean",0.6490865312516689
flowers,135,FL-B-v2_CHAL_0061_jpg.rf.e397e2d4ba40ddbb54885f047f8bf05c.jpg,472,1024,10,"Flower-closed,Flower-fallen,Flower-open",7,5,5,2,0.7142857142857143,0.5,0.9215163684536103,"Flower-dry,Flower-open,Plant-Bean",0.8120379533086505
flowers,136,FL-B-v2_CHAL_0064_jpg.rf.99ae853e2fc80889a2369a9e4d5db325.jpg,768,1024,7,"Flower-closed,Plant-Bean",2,2,5,0,1.0,0.2857142857142857,0.7704947008412015,"Flower-closed,Plant-Bean",0.790408194065094
flowers,137,FL-B-v2_CHAL_0063_jpg.rf.20f3f9ac7f734906ec12511fae3d78da.jpg,472,1024,16,"Flower-closed,Flower-open,Plant-Bean",12,10,6,2,0.8333333333333334,0.625,0.8585480052956402,"Flower-closed,Flower-open,Plant-Bean",0.7555709878603617
flowers,138,FL-B-v2_CHAL_0092_jpg.rf.a67c3a2c95fb298293652649d4709b23.jpg,3060,4080,7,"Flower-closed,Flower-dry,Flower-fallen,Flower-open,Plant-Bean",4,4,3,0,1.0,0.5714285714285714,0.8435390985711072,"Flower-closed,Flower-open,Plant-Bean",0.617726631462574
flowers,139,FL-B-v2_REP_0181_jpg.rf.00f1390c2f36e7f95d6d66f0f8a99552.jpg,3060,4080,13,"Flower-closed,Flower-open,Plant-Bean",7,6,7,1,0.8571428571428571,0.46153846153846156,0.8958965414358612,"Flower-closed,Flower-open,Plant-Bean",0.77353663955416
flowers,140,FL-B-v2_REP_0216_jpg.rf.47de5c1ebe42cde47059e007b5d13cec.jpg,3060,4080,13,"Flower-closed,Flower-fallen,Flower-open,Plant-Bean",8,7,6,1,0.875,0.5384615384615384,0.8080780391867389,"Flower-closed,Flower-open,Plant-Bean",0.7011411637067795
flowers,141,FL-B-v2_CHAL_0047_jpg.rf.df8df16b7e6b0d6ffcd9f5bec42725ed.jpg,3060,4080,32,"Flower-closed,Flower-dry,Flower-fallen,Flower-open,Plant-Bean",29,21,11,8,0.7241379310344828,0.65625,0.8496313809293522,"Flower-closed,Flower-dry,Flower-fallen,Flower-open,Plant-Bean",0.6917353570461273
flowers,142,FL-B-v2_REP_0151_jpg.rf.b0525ca0d2d23375613ce023f966f7f6.jpg,768,1024,13,"Flower-closed,Flower-open,Plant-Bean",9,5,8,4,0.5555555555555556,0.38461538461538464,0.8420116679112682,"Flower-closed,Flower-open,Plant-Bean",0.8089021974139743
flowers,143,FL-B-v2_REP_0086_jpg.rf.9cd36f1e32a5b912f2856689af2815f5.jpg,3060,4080,60,"Flower-closed,Flower-dry,Flower-fallen,Flower-open,Plant-Bean",42,35,25,7,0.8333333333333334,0.5833333333333334,0.8437270385954964,"Flower-closed,Flower-fallen,Flower-open,Plant-Bean",0.7612438712801252
flowers,144,FL-B-v2_REP_0014_jpg.rf.cf0b7601514fc9839105e8e01c2c007a.jpg,3468,4624,13,"Flower-closed,Flower-open,Plant-Bean",7,7,6,0,1.0,0.5384615384615384,0.8536015581828937,"Flower-closed,Flower-open,Plant-Bean",0.7841190227440425
flowers,145,FL-B-v2_REP_0040_jpg.rf.45786c46b897a6372d06201ef3c88c2a.jpg,2448,3264,24,"Flower-closed,Flower-fallen,Flower-open,Plant-Bean",23,20,4,3,0.8695652173913043,0.8333333333333334,0.8543686765881782,"Flower-closed,Flower-dry,Flower-fallen,Flower-open,Plant-Bean",0.7856794362482817
flowers,146,FL-B-v2_REP_0279_jpg.rf.17e0afe2e7e654644e3b1e7cbb7e8ff9.jpg,1440,1920,24,"Flower-closed,Flower-dry,Flower-fallen,Flower-open",13,9,15,4,0.6923076923076923,0.375,0.7985155739247384,"Flower-closed,Flower-fallen,Flower-open,Plant-Bean",0.6258267737351931
flowers,147,FL-B-v2_REP_0236_jpg.rf.ae2dd899b8a6dbe9761396d683c33c89.jpg,1440,1920,32,"Flower-closed,Flower-dry,Flower-fallen,Flower-open,Plant-Bean",22,18,14,4,0.8181818181818182,0.5625,0.8587519801112027,"Flower-closed,Flower-fallen,Flower-open,Plant-Bean",0.7159726064313542
flowers,148,FL-B-v2_REP_0066_jpg.rf.b6dbd35411d41b54d22f0f7579f9664e.jpg,3060,4080,5,Plant-Bean,9,3,2,6,0.3333333333333333,0.6,0.8819115079356431,"Flower-closed,Flower-open,Plant-Bean",0.7094041373994615
flowers,149,FL-B-v2_REP_0203_jpg.rf.3d4d2143397eb2417b241c4b6718c30f.jpg,3060,4080,13,"Flower-closed,Plant-Bean",7,6,7,1,0.8571428571428571,0.46153846153846156,0.7450362738695836,"Flower-closed,Flower-open,Plant-Bean",0.6494027546473912
flowers,150,FL-B-v2_REP_0005_jpg.rf.502b7df807665a496e4e3d616f28fcd1.jpg,2448,3264,57,"Flower-closed,Flower-dry,Flower-fallen,Flower-open,Plant-Bean",46,34,23,12,0.7391304347826086,0.5964912280701754,0.8338092512174693,"Flower-closed,Flower-dry,Flower-fallen,Flower-open,Plant-Bean",0.7130851894617081
flowers,151,FL-B-v2_CHAL_0115_jpg.rf.fbad1eac9111e602ea57b135cc67d422.jpg,1440,1920,3,"Flower-closed,Plant-Bean",2,0,3,2,0.0,0.0,,"Flower-closed,Flower-fallen",0.5340456664562225
flowers,152,FL-B-v2_REP_0131_jpg.rf.46ebd3967ab74913ec807bfb6e3ef245.jpg,771,1024,6,"Flower-closed,Flower-open,Plant-Bean",6,5,1,1,0.8333333333333334,0.8333333333333334,0.8643398591560156,"Flower-closed,Flower-open,Plant-Bean",0.8309879700342814
flowers,153,FL-B-v2_REP_0113_jpg.rf.49e5b66244ea889a62936b2b6fa07067.jpg,768,1024,9,"Flower-closed,Flower-open,Plant-Bean",5,4,5,1,0.8,0.4444444444444444,0.8113027580891985,"Flower-closed,Flower-fallen,Plant-Bean",0.6518172264099121
flowers,154,FL-B-v2_REP_0138_jpg.rf.efc43324972302e30867cdb2a446c886.jpg,768,1024,10,"Flower-closed,Flower-open,Plant-Bean",8,3,7,5,0.375,0.3,0.8576355940769012,"Flower-closed,Flower-open,Plant-Bean",0.6744605600833893
flowers,155,FL-B-v2_REP_0330_jpg.rf.415ca5dd10829a6ce78902bbce03a985.jpg,1440,1920,8,"Flower-closed,Flower-open,Plant-Bean",5,4,4,1,0.8,0.5,0.805522392085768,"Flower-closed,Flower-open,Plant-Bean",0.6651843905448913
flowers,156,FL-B-v2_REP_0150_jpg.rf.69285c434d4bb9362316bd6e21a78674.jpg,768,1024,7,"Flower-closed,Flower-fallen,Flower-open,Plant-Bean",6,5,2,1,0.8333333333333334,0.7142857142857143,0.8112150465358953,"Flower-closed,Flower-fallen,Flower-open,Plant-Bean",0.7425972819328308
flowers,157,FL-B-v2_CHAL_0051_jpg.rf.087e76921aba25b6a927dbb47ccc802a.jpg,1024,472,14,"Flower-closed,Flower-dry,Flower-fallen,Flower-open,Plant-Bean",4,4,10,0,1.0,0.2857142857142857,0.7099871191430993,"Flower-closed,Flower-open,Plant-Bean",0.7477973401546478
flowers,158,FL-B-v2_REP_0257_jpg.rf.430da4e8296a61505bbc6a6cc085ea79.jpg,1440,1920,32,"Flower-closed,Flower-dry,Flower-fallen,Flower-open,Plant-Bean",12,9,23,3,0.75,0.28125,0.7576339404100012,"Flower-closed,Flower-dry,Flower-fallen,Flower-open,Plant-Bean",0.6763730173309644
flowers,159,FL-B-v2_REP_0305_jpg.rf.b96477da19b650317f6a6fae636badda.jpg,1440,1920,32,"Flower-closed,Flower-fallen,Flower-open,Plant-Bean",13,10,22,3,0.7692307692307693,0.3125,0.7328733727322922,"Flower-closed,Flower-fallen,Flower-open,Plant-Bean",0.5951607204400576
flowers,160,FL-B-v2_REP_0325_jpg.rf.d932660b2d26e1662bd26b3dac631675.jpg,1440,1920,15,"Flower-closed,Flower-dry,Flower-open,Plant-Bean",10,6,9,4,0.6,0.4,0.7950129183068196,"Flower-closed,Flower-open,Plant-Bean",0.6326922535896301
flowers,161,FL-B-v2_REP_0312_jpg.rf.77a310d199aae633f6b90f544657ef35.jpg,1440,1920,24,"Flower-closed,Flower-fallen,Flower-open,Plant-Bean",15,11,13,4,0.7333333333333333,0.4583333333333333,0.8237746435371117,"Flower-closed,Flower-fallen,Flower-open,Plant-Bean",0.699510270357132
flowers,162,FL-B-v2_REP_0043_jpg.rf.716fc9a2e6f29c335ac5b47f5d41bdc4.jpg,3468,4624,38,"Flower-closed,Flower-dry,Flower-fallen,Flower-open,Plant-Bean",25,19,19,6,0.76,0.5,0.8437848884091291,"Flower-closed,Flower-dry,Flower-fallen,Flower-open,Plant-Bean",0.6497560524940491
flowers,163,FL-B-v2_REP_0007_jpg.rf.c7603a9b741f26c8e993ef1ceac99ba0.jpg,3468,4624,34,"Flower-closed,Flower-fallen,Flower-open,Plant-Bean",24,20,14,4,0.8333333333333334,0.5882352941176471,0.8369475152082397,"Flower-closed,Flower-open,Plant-Bean",0.7318579778075218
flowers,164,FL-B-v2_REP_0208_jpg.rf.59742aeebb8a89f20bb5a2865db352a3.jpg,3060,4080,10,"Flower-closed,Flower-open,Plant-Bean",7,6,4,1,0.8571428571428571,0.6,0.8687041841889428,"Flower-closed,Flower-open,Plant-Bean",0.7606031766959599
flowers,165,FL-B-v2_REP_0103_jpg.rf.f48d2ce5bd0a3997b1467ff25fca194c.jpg,3060,4080,33,"Flower-closed,Flower-dry,Flower-fallen,Flower-open,Plant-Bean",22,19,14,3,0.8636363636363636,0.5757575757575758,0.8364505062945922,"Flower-closed,Flower-fallen,Flower-open,Plant-Bean",0.7391985275528647
flowers,166,FL-B-v2_CHAL_0089_jpg.rf.a951788e0fbc21edf517821470edc5bc.jpg,3060,4080,25,"Flower-closed,Flower-dry,Flower-fallen,Flower-open,Plant-Bean",11,6,19,5,0.5454545454545454,0.24,0.8357386393072378,"Flower-closed,Flower-dry,Flower-open,Plant-Bean",0.7738376422361894
flowers,167,FL-B-v2_CHAL_0039_jpg.rf.a1c526c4e1131824b1f895156c07cfe9.jpg,3060,4080,5,"Flower-closed,Flower-fallen,Plant-Bean",4,3,2,1,0.75,0.6,0.7324892180271885,"Flower-closed,Flower-fallen,Plant-Bean",0.7360652387142181
flowers,168,FL-B-v2_REP_0111_jpg.rf.64f70a6e3764a59b84ddbb4c02a8ffa8.jpg,1024,1024,2,Plant-Bean,2,1,1,1,0.5,0.5,0.8723867183796413,"Flower-closed,Plant-Bean",0.8591831922531128
flowers,169,FL-B-v2_REP_0140_jpg.rf.a23118ee82a9c5ded12aa764fa6533e0.jpg,768,1024,10,"Flower-closed,Flower-fallen,Flower-open,Plant-Bean",8,6,4,2,0.75,0.6,0.8233284638294145,"Flower-closed,Flower-open,Plant-Bean",0.6708413772284985
flowers,170,FL-B-v2_REP_0241_jpg.rf.1f733ba01097d983a1d0703de050f67b.jpg,1440,1920,8,"Flower-open,Plant-Bean",6,5,3,1,0.8333333333333334,0.625,0.9256046054688042,"Flower-closed,Flower-open,Plant-Bean",0.7772316435972849
flowers,171,FL-B-v2_REP_0137_jpg.rf.4349eb7b46b8b27e366d075a0bd280b9.jpg,768,1024,5,"Flower-closed,Flower-open,Plant-Bean",3,2,3,1,0.6666666666666666,0.4,0.8916322782580204,"Flower-closed,Flower-open,Plant-Bean",0.739198217789332
flowers,172,FL-B-v2_CHAL_0094_jpg.rf.3f2ec85016418b48b147cd8e7308765d.jpg,3060,4080,22,"Flower-closed,Flower-dry,Flower-fallen,Plant-Bean",4,3,19,1,0.75,0.13636363636363635,0.800333909136047,"Flower-closed,Flower-fallen,Plant-Bean",0.6282916963100433
flowers,173,FL-B-v2_REP_0198_jpg.rf.bc8859b072fb5f750cb8ca093bd51b50.jpg,3060,4080,4,"Flower-closed,Plant-Bean",3,2,2,1,0.6666666666666666,0.5,0.8999525621028808,"Flower-closed,Plant-Bean",0.7193535963694254
flowers,174,FL-B-v2_CHAL_0007_jpg.rf.6f1a4225ff2029f18ef59b64c151a441.jpg,3060,4080,11,"Flower-closed,Flower-open,Plant-Bean",10,9,2,1,0.9,0.8181818181818182,0.8310031390523408,"Flower-closed,Flower-open,Plant-Bean",0.7751615703105926
flowers,175,FL-B-v2_REP_0133_jpg.rf.7a76a117935f6f55ebf648a2db110740.jpg,771,1024,19,"Flower-closed,Flower-dry,Flower-fallen,Flower-open,Plant-Bean",15,6,13,9,0.4,0.3157894736842105,0.8493738832712138,"Flower-closed,Flower-dry,Flower-open,Plant-Bean",0.7434249440828959
flowers,176,FL-B-v2_REP_0266_jpg.rf.04cf7e631255de5e1b88cfdc5e522d62.jpg,1440,1920,24,"Flower-closed,Flower-dry,Flower-fallen,Flower-open,Plant-Bean",15,10,14,5,0.6666666666666666,0.4166666666666667,0.8105963998561178,"Flower-closed,Flower-dry,Flower-fallen,Flower-open,Plant-Bean",0.6483397404352824
flowers,177,FL-B-v2_REP_0315_jpg.rf.388bca9bb22bce47947aa3a3f053369c.jpg,1440,1920,14,"Flower-closed,Flower-open,Plant-Bean",10,6,8,4,0.6,0.42857142857142855,0.7702959237321583,"Flower-closed,Flower-dry,Flower-open,Plant-Bean",0.5472252547740937
flowers,178,FL-B-v2_REP_0105_jpg.rf.6cf575f7d87fc576d01c70782c33742c.jpg,3060,4080,18,"Flower-closed,Flower-dry,Flower-fallen,Flower-open,Plant-Bean",7,7,11,0,1.0,0.3888888888888889,0.9167957041679392,"Flower-closed,Flower-dry,Flower-fallen,Flower-open,Plant-Bean",0.7505331337451935
flowers,179,FL-B-v2_CHAL_0078_jpg.rf.f33e2391d47f5b97f528931e06638df2.jpg,1024,1024,1,Plant-Bean,2,1,0,1,0.5,1.0,0.7418654579802274,"Flower-open,Plant-Bean",0.7311679720878601
flowers,180,FL-B-v2_CHAL_0048_jpg.rf.fd902308e317cd1073e55e05501d3dba.jpg,3060,4080,14,"Flower-closed,Flower-dry,Flower-fallen,Flower-open,Plant-Bean",11,9,5,2,0.8181818181818182,0.6428571428571429,0.8132860290400175,"Flower-closed,Flower-fallen,Flower-open,Plant-Bean",0.704350390217521
flowers,181,FL-B-v2_REP_0244_jpg.rf.909a206cd5626301d814c6576614d576.jpg,1440,1920,44,"Flower-closed,Flower-dry,Flower-fallen,Flower-open,Plant-Bean",15,11,33,4,0.7333333333333333,0.25,0.7929268108937504,"Flower-closed,Flower-open,Plant-Bean",0.6539773225784302
flowers,182,FL-B-v2_REP_0314_jpg.rf.111707b45321ed996b4e34af8f693196.jpg,1440,1920,18,"Flower-closed,Flower-fallen,Flower-open,Plant-Bean",13,12,6,1,0.9230769230769231,0.6666666666666666,0.8165925270054747,"Flower-closed,Flower-fallen,Flower-open,Plant-Bean",0.7196386731587924
flowers,183,FL-B-v2_CHAL_0117_jpg.rf.97840ab189ad4e38daf4e491f8706573.jpg,1440,1920,2,"Flower-open,Plant-Bean",4,2,0,2,0.5,1.0,0.7663570523157082,"Flower-fallen,Flower-open,Plant-Bean",0.523979052901268
flowers,184,FL-B-v2_REP_0076_jpg.rf.740edbcc90a66215ec59ba2683671134.jpg,3060,4080,11,"Flower-closed,Flower-fallen,Flower-open,Plant-Bean",12,6,5,6,0.5,0.5454545454545454,0.7793604552844942,"Flower-closed,Flower-open,Plant-Bean",0.6393420125047365
flowers,185,FL-B-v2_REP_0145_jpg.rf.2caf72cbef6a75cf7f5c7c4823618cce.jpg,768,1024,14,"Flower-closed,Flower-open,Plant-Bean",13,7,7,6,0.5384615384615384,0.5,0.7779933233463192,"Flower-closed,Flower-fallen,Flower-open,Plant-Bean",0.615139576104971
flowers,186,FL-B-v2_CHAL_0067_jpg.rf.1cf3990429532684b81aa2a0c38ca3e8.jpg,1024,1024,9,"Flower-closed,Flower-dry,Flower-open,Plant-Bean",5,4,5,1,0.8,0.4444444444444444,0.8919350678737425,"Flower-closed,Flower-open,Plant-Bean",0.7095335006713868
flowers,187,FL-B-v2_REP_0278_jpg.rf.352a48891d3cf7bb1d3e10bf06c41fa9.jpg,1440,1920,43,"Flower-closed,Flower-dry,Flower-fallen,Flower-open,Plant-Bean",15,11,32,4,0.7333333333333333,0.2558139534883721,0.8141385039780878,"Flower-closed,Flower-fallen,Flower-open,Plant-Bean",0.6530221501986185
flowers,188,FL-B-v2_REP_0185_jpg.rf.3e1176b4adce046fa33925a4bee5d733.jpg,3060,4080,22,"Flower-closed,Flower-open,Plant-Bean",9,8,14,1,0.8888888888888888,0.36363636363636365,0.7862905825999494,"Flower-closed,Flower-open,Plant-Bean",0.6369809044731988
flowers,189,FL-B-v2_CHAL_0088_jpg.rf.051cda1a4091913ead39ad73d14928f4.jpg,3060,4080,9,"Flower-closed,Flower-open,Plant-Bean",4,3,6,1,0.75,0.3333333333333333,0.7365529271671146,"Flower-closed,Flower-open,Plant-Bean",0.764569953083992
flowers,190,FL-B-v2_REP_0187_jpg.rf.c91ff219e77641cd057c449b3540c5bd.jpg,3060,4080,17,"Flower-closed,Flower-dry,Flower-open,Plant-Bean",12,8,9,4,0.6666666666666666,0.47058823529411764,0.9046649248256764,"Flower-closed,Flower-fallen,Flower-open,Plant-Bean",0.7625425010919571
flowers,191,FL-B-v2_REP_0212_jpg.rf.0cd77d41ac6d77b3c8952ff7f0ccf967.jpg,3060,4080,9,"Flower-closed,Flower-open,Plant-Bean",5,3,6,2,0.6,0.3333333333333333,0.8098499584999685,"Flower-closed,Flower-fallen,Flower-open,Plant-Bean",0.6502782940864563
flowers,192,FL-B-v2_REP_0163_jpg.rf.836b2432ff264a44501f9f7244624969.jpg,460,1024,24,"Flower-closed,Flower-fallen,Flower-open,Plant-Bean",7,6,18,1,0.8571428571428571,0.25,0.8028693295178324,"Flower-closed,Flower-open,Plant-Bean",0.74631096635546
flowers,193,FL-B-v2_REP_0275_jpg.rf.e24292d429163d67889251f618a89fcd.jpg,1440,1920,13,"Flower-closed,Flower-dry,Flower-open,Plant-Bean",13,7,6,6,0.5384615384615384,0.5384615384615384,0.8062406157640556,"Flower-closed,Flower-dry,Flower-fallen,Flower-open,Plant-Bean",0.6461100280284882
flowers,194,FL-B-v2_REP_0084_jpg.rf.5d586bb69ff85fb6e67fbdbd7d574dd7.jpg,3060,4080,66,"Flower-closed,Flower-dry,Flower-fallen,Flower-open,Plant-Bean",60,43,23,17,0.7166666666666667,0.6515151515151515,0.8494128497688712,"Flower-closed,Flower-fallen,Flower-open,Plant-Bean",0.7430676902333896
flowers,195,FL-B-v2_CHAL_0041_jpg.rf.9aa4d6943cb291589ba91c5551ed47f8.jpg,3060,4080,81,"Flower-closed,Flower-dry,Flower-fallen,Flower-open,Plant-Bean",13,8,73,5,0.6153846153846154,0.09876543209876543,0.8697284272025485,"Flower-closed,Flower-dry,Flower-fallen,Flower-open,Plant-Bean",0.6233044175001291
flowers,196,FL-B-v2_CHAL_0099_jpg.rf.1a37205520c39bf9a94e36e299554074.jpg,3060,4080,51,"Flower-closed,Flower-dry,Flower-fallen,Flower-open",4,1,50,3,0.25,0.0196078431372549,0.6673471733884426,"Flower-closed,Plant-Bean",0.6979480385780334
flowers,197,FL-B-v2_CHAL_0098_jpg.rf.5611cafe67b6cc62a61f7fdab9ad2fae.jpg,3060,4080,15,"Flower-closed,Flower-dry,Flower-fallen,Flower-open,Plant-Bean",3,2,13,1,0.6666666666666666,0.13333333333333333,0.9163041025383253,"Flower-closed,Plant-Bean",0.6035289963086446
flowers,198,FL-B-v2_CHAL_0065_jpg.rf.34cbb8874aefc3858c36a0c172be042a.jpg,472,1024,8,"Flower-closed,Flower-open,Plant-Bean",3,3,5,0,1.0,0.375,0.8223811477039527,"Flower-open,Plant-Bean",0.7783334255218506
flowers,199,FL-B-v2_REP_0316_jpg.rf.79f4d4ebc07a6e68a6f04837834d88ab.jpg,1440,1920,12,"Flower-closed,Flower-open,Plant-Bean",9,3,9,6,0.3333333333333333,0.25,0.7806032615671773,"Flower-closed,Flower-dry,Flower-fallen,Flower-open,Plant-Bean",0.6409143077002631
flowers,200,FL-B-v2_CHAL_0076_jpg.rf.fd7797a8bd759f2974f9694cf807c023.jpg,768,1024,10,"Flower-closed,Flower-open,Plant-Bean",6,4,6,2,0.6666666666666666,0.4,0.8919155329641265,"Flower-closed,Flower-open,Plant-Bean",0.6407676388820013
flowers,201,FL-B-v2_REP_0069_jpg.rf.7f66494f736926de00ea4f9ba4aa687a.jpg,3060,4080,4,"Flower-closed,Plant-Bean",11,4,0,7,0.36363636363636365,1.0,0.9421409807151873,"Flower-closed,Flower-open,Plant-Bean",0.7024880972775546
flowers,202,FL-B-v2_CHAL_0025_jpg.rf.0996ad53f6c5a08b4bf9ebbc1f8cd918.jpg,3060,4080,20,"Flower-closed,Flower-dry,Flower-fallen,Flower-open,Plant-Bean",17,8,12,9,0.47058823529411764,0.4,0.9076293636841084,"Flower-closed,Flower-fallen,Flower-open,Plant-Bean",0.6589318233377793
flowers,203,FL-B-v2_REP_0319_jpg.rf.ba5e7b49a5e8a7629a879efeb8d714f3.jpg,1440,1920,17,"Flower-closed,Flower-fallen,Flower-open,Plant-Bean",6,4,13,2,0.6666666666666666,0.23529411764705882,0.8193263770469561,"Flower-closed,Flower-fallen,Flower-open,Plant-Bean",0.6028115103642145
flowers,204,FL-B-v2_REP_0326_jpg.rf.86070979cfab93bd2662066a09a62ca4.jpg,1440,1920,12,"Flower-closed,Flower-dry,Flower-open,Plant-Bean",9,7,5,2,0.7777777777777778,0.5833333333333334,0.8071226983855954,"Flower-closed,Flower-dry,Flower-open,Plant-Bean",0.6382494237687852
flowers,205,FL-B-v2_REP_0282_jpg.rf.09bff9c7de6e4f2441edb45a2ef23046.jpg,1440,1920,19,"Flower-closed,Flower-dry,Flower-fallen,Flower-open,Plant-Bean",16,12,7,4,0.75,0.631578947368421,0.8471060744487557,"Flower-closed,Flower-dry,Flower-fallen,Flower-open,Plant-Bean",0.6701173987239599
flowers,206,FL-B-v2_CHAL_0055_jpg.rf.a2726cfa51327a87944b34d2dec11bf1.jpg,460,1024,6,"Flower-closed,Flower-open,Plant-Bean",2,2,4,0,1.0,0.3333333333333333,0.9225847384413008,"Flower-open,Plant-Bean",0.7568926215171814
flowers,207,FL-B-v2_CHAL_0010_jpg.rf.adaa42b4fba249264e6b054b5093bd8c.jpg,4624,3468,29,"Flower-closed,Flower-dry,Flower-fallen,Flower-open,Plant-Bean",15,13,16,2,0.8666666666666667,0.4482758620689655,0.8362782861595589,"Flower-closed,Flower-dry,Flower-fallen,Flower-open,Plant-Bean",0.7970747351646423
flowers,208,FL-B-v2_REP_0205_jpg.rf.ebcca87e0005a6da47c930bf1d04271f.jpg,3060,4080,18,"Flower-closed,Flower-open,Plant-Bean",12,7,11,5,0.5833333333333334,0.3888888888888889,0.7916588141795173,"Flower-closed,Flower-open,Plant-Bean",0.695338062942028
flowers,209,FL-B-v2_REP_0148_jpg.rf.a6a1d61b1e50852ab17fc108fb1fd5b4.jpg,1024,768,27,"Flower-closed,Flower-fallen,Flower-open,Plant-Bean",18,13,14,5,0.7222222222222222,0.48148148148148145,0.8094209103376324,"Flower-closed,Flower-open,Plant-Bean",0.7117223425043954
flowers,210,FL-B-v2_REP_0063_jpg.rf.92048216e5f3ef969978f0025ab1aae2.jpg,3060,4080,3,Plant-Bean,6,2,1,4,0.3333333333333333,0.6666666666666666,0.9740100795732436,"Flower-closed,Plant-Bean",0.7327874004840851
flowers,211,FL-B-v2_REP_0074_jpg.rf.b01f96c1b436fe66606f5b4e6d962cd0.jpg,3060,4080,5,"Flower-closed,Plant-Bean",7,4,1,3,0.5714285714285714,0.8,0.8389933160167571,"Flower-closed,Flower-open,Plant-Bean",0.6417228622095925
flowers,212,FL-B-v2_REP_0036_jpg.rf.ebde2aa922c4dcc01818fb3e697681b4.jpg,2448,3264,47,"Flower-closed,Flower-fallen,Flower-open,Plant-Bean",33,30,17,3,0.9090909090909091,0.6382978723404256,0.8251132549163865,"Flower-closed,Flower-fallen,Flower-open,Plant-Bean",0.6817640373201082
flowers,213,FL-B-v2_REP_0035_jpg.rf.9b7bc4179e76112dd16bbefa57377e33.jpg,2448,3264,20,"Flower-closed,Flower-dry,Flower-fallen,Flower-open,Plant-Bean",19,15,5,4,0.7894736842105263,0.75,0.85055847046197,"Flower-closed,Flower-dry,Flower-fallen,Flower-open,Plant-Bean",0.7126445629094776
flowers,214,FL-B-v2_REP_0240_jpg.rf.f0e9f9c816b46612bf34ffb49be7e5b7.jpg,1440,1920,26,"Flower-closed,Flower-dry,Flower-fallen,Flower-open,Plant-Bean",7,7,19,0,1.0,0.2692307692307692,0.8354432761507554,"Flower-closed,Flower-open,Plant-Bean",0.572786054440907
flowers,215,FL-B-v2_REP_0057_jpg.rf.bd0221faf508839ba196e5d7b7e79be3.jpg,3060,4080,10,Plant-Bean,6,2,8,4,0.3333333333333333,0.2,0.9304297247787965,"Flower-closed,Flower-open,Plant-Bean",0.7143260538578033
flowers,216,FL-B-v2_REP_0197_jpg.rf.5fc34b09c44b25b0e972b4286e1d1236.jpg,3060,4080,11,"Flower-closed,Plant-Bean",7,6,5,1,0.8571428571428571,0.5454545454545454,0.7330938404249316,"Flower-closed,Plant-Bean",0.7553954379899162
flowers,217,FL-B-v2_CHAL_0032_jpg.rf.2139e04748e285a691d9b56a46997078.jpg,3060,4080,9,"Flower-closed,Flower-open,Plant-Bean",3,2,7,1,0.6666666666666666,0.2222222222222222,0.8262345813211659,"Flower-open,Plant-Bean",0.892067571481069
flowers,218,FL-B-v2_CHAL_0017_jpg.rf.5b8fa62b1ad572b2346ce26eeb520ff6.jpg,3060,4080,3,"Flower-closed,Plant-Bean",3,3,0,0,1.0,1.0,0.8621586532774231,"Flower-closed,Plant-Bean",0.8301645119984945
flowers,219,FL-B-v2_REP_0025_jpg.rf.71d84c9795aa2d388999318a83677e94.jpg,3468,4624,30,"Flower-closed,Flower-fallen,Flower-open,Plant-Bean",18,18,12,0,1.0,0.6,0.8324573867020241,"Flower-closed,Flower-open,Plant-Bean",0.7598353856139712
flowers,220,FL-B-v2_CHAL_0093_jpg.rf.ed3da7237c04daf5aff16bc416ea1230.jpg,3060,4080,9,"Flower-closed,Flower-open,Plant-Bean",5,4,5,1,0.8,0.4444444444444444,0.7713510971455467,"Flower-closed,Flower-open,Plant-Bean",0.6829255998134613
flowers,221,FL-B-v2_REP_0296_jpg.rf.7d6aff0fb808a167b80f4942e561aaef.jpg,1440,1920,16,"Flower-closed,Flower-fallen,Flower-open,Plant-Bean",12,8,8,4,0.6666666666666666,0.5,0.8283661399365393,"Flower-closed,Flower-fallen,Flower-open,Plant-Bean",0.5989135205745697
flowers,222,FL-B-v2_CHAL_0054_jpg.rf.012c307005f99702965a65974db59337.jpg,460,1024,4,"Flower-closed,Plant-Bean",3,2,2,1,0.6666666666666666,0.5,0.7909491735853831,"Flower-closed,Flower-open,Plant-Bean",0.7774525880813599
flowers,223,FL-B-v2_REP_0192_jpg.rf.1731a2f9820111228482cb328a634502.jpg,3060,4080,12,"Flower-closed,Flower-open,Plant-Bean",8,6,6,2,0.75,0.5,0.7885066602734915,"Flower-closed,Flower-open,Plant-Bean",0.6377258785068989
flowers,224,FL-B-v2_CHAL_0108_jpg.rf.57bc3ddc043a5391be2ac31914f8e0b3.jpg,1440,1920,4,"Flower-fallen,Flower-open,Plant-Bean",2,1,3,1,0.5,0.25,0.6040455714246384,"Flower-closed,Plant-Bean",0.8387778103351593
flowers,225,FL-B-v2_REP_0118_jpg.rf.17400084bc9399f050203c2a1b954a5f.jpg,472,1024,14,"Flower-closed,Flower-dry,Flower-fallen,Flower-open,Plant-Bean",11,8,6,3,0.7272727272727273,0.5714285714285714,0.7775353288644289,"Flower-closed,Flower-dry,Flower-open,Plant-Bean",0.6859325820749457
flowers,226,FL-B-v2_REP_0237_jpg.rf.c12fad2dd26838fea2f3d0de4e613fba.jpg,1440,1920,12,"Flower-closed,Flower-dry,Flower-open,Plant-Bean",12,8,4,4,0.6666666666666666,0.6666666666666666,0.8378490516641606,"Flower-closed,Flower-dry,Flower-open,Plant-Bean",0.6696923772493998
flowers,227,FL-B-v2_REP_0323_jpg.rf.542973c3c7009bfae798a0dbb773ffb2.jpg,1440,1920,18,"Flower-closed,Flower-fallen,Flower-open,Plant-Bean",10,8,10,2,0.8,0.4444444444444444,0.7538579818116136,"Flower-closed,Flower-open,Plant-Bean",0.6396251171827316
flowers,228,FL-B-v2_CHAL_0057_jpg.rf.1b2dd5b9dfb90c8b7ddbe72b16663afc.jpg,768,1024,16,"Flower-closed,Flower-dry,Flower-open,Plant-Bean",18,11,5,7,0.6111111111111112,0.6875,0.8201145106566726,"Flower-closed,Flower-dry,Flower-open,Plant-Bean",0.6061648858918084
flowers,229,FL-B-v2_CHAL_0112_jpg.rf.c24ec1c392f2e95e70f2f654a2c84558.jpg,1440,1920,10,"Flower-closed,Flower-fallen,Flower-open,Plant-Bean",10,6,4,4,0.6,0.6,0.8414560576798057,"Flower-closed,Flower-dry,Flower-open,Plant-Bean",0.80177161693573
flowers,230,FL-B-v2_REP_0119_jpg.rf.f4120e188ac952a8ef7491fdcb4bb6e0.jpg,472,1024,17,"Flower-closed,Flower-fallen,Flower-open,Plant-Bean",18,15,2,3,0.8333333333333334,0.8823529411764706,0.8407932500275547,"Flower-closed,Flower-dry,Flower-open,Plant-Bean",0.68943576183584
flowers,231,FL-B-v2_CHAL_0101_jpg.rf.e57c6c06565a94fb7dd52406ec2a57ea.jpg,3060,4080,4,"Flower-closed,Flower-open,Plant-Bean",3,2,2,1,0.6666666666666666,0.5,0.9283490096245458,"Flower-closed,Flower-open,Plant-Bean",0.7155560453732809
flowers,232,FL-B-v2_REP_0023_jpg.rf.58206f26f2cfd82aa3e14ed025a9a597.jpg,3468,4624,27,"Flower-closed,Flower-fallen,Flower-open,Plant-Bean",18,16,11,2,0.8888888888888888,0.5925925925925926,0.8821181966810856,"Flower-closed,Flower-open,Plant-Bean",0.7583638860119714
flowers,233,FL-B-v2_REP_0047_jpg.rf.102dc605f0ebb74a5ce753d41ba35738.jpg,3468,4624,44,"Flower-closed,Flower-fallen,Flower-open,Plant-Bean",23,19,25,4,0.8260869565217391,0.4318181818181818,0.852248631624355,"Flower-closed,Flower-fallen,Flower-open,Plant-Bean",0.7250266049219214
flowers,234,FL-B-v2_CHAL_0018_jpg.rf.1ea6befbe0ac83f027639a8575ec84ae.jpg,3060,4080,7,"Flower-closed,Flower-fallen,Flower-open,Plant-Bean",4,4,3,0,1.0,0.5714285714285714,0.851531678006314,"Flower-closed,Flower-open,Plant-Bean",0.722193107008934
flowers,235,FL-B-v2_REP_0173_jpg.rf.d34fbe9de7609d0062153660f864e740.jpg,3060,4080,27,"Flower-closed,Flower-fallen,Flower-open,Plant-Bean",6,4,23,2,0.6666666666666666,0.14814814814814814,0.8184706475328902,"Flower-closed,Flower-open,Plant-Bean",0.7467393179734548
flowers,236,FL-B-v2_REP_0156_jpg.rf.80a2e0b0b17b77f1bea30d1b02a70828.jpg,460,1024,13,"Flower-closed,Flower-open,Plant-Bean",8,7,6,1,0.875,0.5384615384615384,0.8143520100785946,"Flower-closed,Flower-open,Plant-Bean",0.7625224888324738
flowers,237,FL-B-v2_REP_0226_jpg.rf.1fa73be3f348093470a0fbe959757553.jpg,1440,1920,10,"Flower-closed,Flower-open,Plant-Bean",9,6,4,3,0.6666666666666666,0.6,0.8170064788988785,"Flower-closed,Flower-open,Plant-Bean",0.7369352976481119
flowers,238,FL-B-v2_REP_0068_jpg.rf.3b70120f7df0089d10dd8497ec7179d0.jpg,3060,4080,4,Plant-Bean,7,2,2,5,0.2857142857142857,0.5,0.7163689365988142,"Flower-closed,Flower-open,Plant-Bean",0.7617515921592712
flowers,239,FL-B-v2_REP_0161_jpg.rf.af1c121fde96a1e6caafe528b3924aef.jpg,456,1024,9,"Flower-closed,Flower-open",2,1,8,1,0.5,0.1111111111111111,0.9389898341960152,"Flower-open,Plant-Bean",0.8471981585025787
flowers,240,FL-B-v2_CHAL_0087_jpg.rf.46cc4782c66df1fcd75bc2c81e089d58.jpg,460,1024,9,"Flower-closed,Flower-open,Plant-Bean",4,3,6,1,0.75,0.3333333333333333,0.7614156636960002,"Flower-closed,Flower-open,Plant-Bean",0.7342626824975014
flowers,241,FL-B-v2_REP_0215_jpg.rf.f0a258330fb0c35f9737c0789252e543.jpg,3060,4080,14,"Flower-closed,Flower-open,Plant-Bean",12,9,5,3,0.75,0.6428571428571429,0.897282345970631,"Flower-closed,Flower-open,Plant-Bean",0.7162855789065361
flowers,242,FL-B-v2_REP_0308_jpg.rf.84d2e7c504a90b62ae6c0fc21ea846b9.jpg,1440,1920,21,"Flower-closed,Flower-fallen,Flower-open,Plant-Bean",10,9,12,1,0.9,0.42857142857142855,0.8229102505319602,"Flower-closed,Flower-open,Plant-Bean",0.6226359158754349
flowers,243,FL-B-v2_REP_0034_jpg.rf.0bd5a964a68a1767d51b5348846b9f74.jpg,2448,3264,12,"Flower-closed,Flower-dry,Flower-fallen,Flower-open,Plant-Bean",10,8,4,2,0.8,0.6666666666666666,0.8576446874684007,"Flower-closed,Flower-fallen,Flower-open,Plant-Bean",0.8134426712989807
flowers,244,FL-B-v2_REP_0095_jpg.rf.7f8c4e025d9f01c4086f5a655cafe22c.jpg,3060,4080,23,"Flower-closed,Flower-fallen,Flower-open,Plant-Bean",19,8,15,11,0.42105263157894735,0.34782608695652173,0.8166080993582081,"Flower-closed,Flower-fallen,Flower-open,Plant-Bean",0.6773513853549957
flowers,245,FL-B-v2_REP_0046_jpg.rf.5d36c4b33b24e9e6c57c345b80e5159c.jpg,3468,4624,55,"Flower-closed,Flower-dry,Flower-fallen,Flower-open,Plant-Bean",32,25,30,7,0.78125,0.45454545454545453,0.8403280042411057,"Flower-closed,Flower-dry,Flower-fallen,Flower-open,Plant-Bean",0.6933101257309318
flowers,246,FL-B-v2_CHAL_0002_jpg.rf.e46cbf9b761d33195b7e466170269113.jpg,3468,4624,35,"Flower-closed,Flower-dry,Flower-fallen,Flower-open,Plant-Bean",26,21,14,5,0.8076923076923077,0.6,0.8006856816333306,"Flower-closed,Flower-fallen,Flower-open,Plant-Bean",0.7162483162604846
flowers,247,FL-B-v2_REP_0220_jpg.rf.04540cf31ea37d14d268bd07d6db6c9c.jpg,3060,4080,22,"Flower-closed,Flower-fallen,Flower-open,Plant-Bean",11,10,12,1,0.9090909090909091,0.45454545454545453,0.7161762205605952,"Flower-closed,Flower-open,Plant-Bean",0.7375212691046975
flowers,248,FL-B-v2_REP_0029_jpg.rf.17d002745ee769f84b5f2df8cec5e055.jpg,3468,4624,15,"Flower-closed,Flower-fallen,Flower-open,Plant-Bean",12,10,5,2,0.8333333333333334,0.6666666666666666,0.7815404038380508,"Flower-closed,Flower-open,Plant-Bean",0.702708105246226
flowers,249,FL-B-v2_REP_0073_jpg.rf.e2a74d46c3fe8d458cbbac8768850b73.jpg,3060,4080,7,"Flower-closed,Plant-Bean",5,2,5,3,0.4,0.2857142857142857,0.9173204060717233,"Flower-closed,Plant-Bean",0.6256064057350159
flowers,250,FL-B-v2_REP_0214_jpg.rf.49fa367064dae2f420467207f7599cf2.jpg,3060,4080,8,"Flower-closed,Flower-open,Plant-Bean",9,8,0,1,0.8888888888888888,1.0,0.8439834495602675,"Flower-closed,Flower-open,Plant-Bean",0.7006718085871803
flowers,251,FL-B-v2_REP_0222_jpg.rf.dbb630a6d8ea37f8b0c03761fdb569de.jpg,1440,1920,7,"Flower-closed,Flower-dry,Flower-open,Plant-Bean",12,5,2,7,0.4166666666666667,0.7142857142857143,0.8495852727066442,"Flower-closed,Flower-dry,Flower-open,Plant-Bean",0.6351146151622137
flowers,252,FL-B-v2_CHAL_0004_jpg.rf.0cfa70238b171060defdd01e7df2d3b0.jpg,2448,3264,30,"Flower-closed,Flower-fallen,Flower-open,Plant-Bean",17,14,16,3,0.8235294117647058,0.4666666666666667,0.7830299145205231,"Flower-closed,Flower-fallen,Flower-open,Plant-Bean",0.7063711303121903
flowers,253,FL-B-v2_REP_0227_jpg.rf.fdce63389eec57214ec11894bd735587.jpg,1440,1920,17,"Flower-closed,Flower-fallen,Flower-open,Plant-Bean",15,13,4,2,0.8666666666666667,0.7647058823529411,0.820147417908812,"Flower-closed,Flower-fallen,Flower-open,Plant-Bean",0.6695016741752624
flowers,254,FL-B-v2_REP_0083_jpg.rf.57cbee481297d6cef12f9019796e4ebc.jpg,3060,4080,46,"Flower-closed,Flower-dry,Flower-fallen,Flower-open,Plant-Bean",40,34,12,6,0.85,0.7391304347826086,0.8619335757540424,"Flower-closed,Flower-dry,Flower-fallen,Flower-open,Plant-Bean",0.7591135919094085
flowers,255,FL-B-v2_REP_0021_jpg.rf.b9d98f9ffa167969ce5b7e6b1c6aeca0.jpg,3468,4624,30,"Flower-closed,Flower-open,Plant-Bean",21,16,14,5,0.7619047619047619,0.5333333333333333,0.838252674008308,"Flower-closed,Flower-open,Plant-Bean",0.6866825946739742
flowers,256,FL-B-v2_REP_0327_jpg.rf.2b021962e9ba4121948e899e65976ba5.jpg,1440,1920,15,"Flower-closed,Flower-open,Plant-Bean",13,11,4,2,0.8461538461538461,0.7333333333333333,0.7843801842886258,"Flower-closed,Flower-fallen,Flower-open,Plant-Bean",0.7253657441872817
flowers,257,FL-B-v2_REP_0306_jpg.rf.960d1ea6a795335d444fa3e434ce7138.jpg,1440,1920,28,"Flower-closed,Flower-fallen,Flower-open,Plant-Bean",11,6,22,5,0.5454545454545454,0.21428571428571427,0.8292135635492434,"Flower-closed,Flower-dry,Flower-open,Plant-Bean",0.6071726137941534
flowers,258,FL-B-v2_REP_0287_jpg.rf.ee47c24abf72084d4ce095854f21c482.jpg,1440,1920,17,"Flower-closed,Flower-fallen,Flower-open,Plant-Bean",7,5,12,2,0.7142857142857143,0.29411764705882354,0.8503495414968887,"Flower-closed,Flower-open,Plant-Bean",0.7070919615881783
flowers,259,FL-B-v2_REP_0263_jpg.rf.c05847612a3031506d77f67fd116c79c.jpg,1440,1920,18,"Flower-closed,Flower-dry,Flower-fallen,Flower-open,Plant-Bean",15,10,8,5,0.6666666666666666,0.5555555555555556,0.8193194748389466,"Flower-closed,Flower-dry,Flower-fallen,Flower-open,Plant-Bean",0.6787588834762573
flowers,260,FL-B-v2_REP_0221_jpg.rf.a9ed6de991167415274d058062c19c83.jpg,1440,1920,9,"Flower-closed,Flower-dry,Flower-fallen,Flower-open,Plant-Bean",7,4,5,3,0.5714285714285714,0.4444444444444444,0.7773410893640542,"Flower-closed,Flower-open,Plant-Bean",0.6942647695541382
flowers,261,FL-B-v2_REP_0109_jpg.rf.748630894b94ab760bbdb964f78cd4c7.jpg,3060,4080,10,"Flower-closed,Flower-dry,Flower-fallen,Flower-open,Plant-Bean",12,6,4,6,0.5,0.6,0.8046221143212552,"Flower-closed,Flower-fallen,Flower-open,Plant-Bean",0.638513927658399
flowers,262,FL-B-v2_REP_0032_jpg.rf.90e6864000b9bfca5fea47b0bf5652a0.jpg,3468,4624,9,"Flower-closed,Flower-open,Plant-Bean",7,6,3,1,0.8571428571428571,0.6666666666666666,0.911445807281907,"Flower-closed,Flower-fallen,Flower-open,Plant-Bean",0.7375843099185398
flowers,263,FL-B-v2_REP_0006_jpg.rf.3de4f8d7ab7f417665dd9cd092158608.jpg,3468,4624,25,"Flower-closed,Flower-fallen,Flower-open,Plant-Bean",13,11,14,2,0.8461538461538461,0.44,0.8204444341502973,"Flower-closed,Flower-fallen,Flower-open,Plant-Bean",0.7399649024009705
flowers,264,FL-B-v2_CHAL_0016_jpg.rf.d58b63707e2d7b417e2437d0c30e9885.jpg,3060,4080,1,Plant-Bean,4,0,1,4,0.0,0.0,,"Flower-closed,Flower-open,Plant-Bean",0.6688928678631783
flowers,265,FL-B-v2_REP_0270_jpg.rf.498312a840b29aed79dd94eab30ae91e.jpg,1440,1920,12,"Flower-closed,Flower-dry,Flower-open,Plant-Bean",10,7,5,3,0.7,0.5833333333333334,0.7519821595476189,"Flower-closed,Flower-open,Plant-Bean",0.6993719518184662
flowers,266,FL-B-v2_REP_0164_jpg.rf.e442fa9bc62aac73c3a2eeb6c89019ef.jpg,460,1024,36,"Flower-closed,Flower-fallen,Flower-open,Plant-Bean",9,8,28,1,0.8888888888888888,0.2222222222222222,0.8338507300665826,"Flower-closed,Flower-open,Plant-Bean",0.7808136940002441
flowers,267,FL-B-v2_REP_0233_jpg.rf.81e38729ff0ae8685cb2f6c8eba776c8.jpg,1440,1920,15,"Flower-closed,Flower-dry,Flower-fallen,Flower-open,Plant-Bean",12,9,6,3,0.75,0.6,0.8180156058852315,"Flower-closed,Flower-fallen,Flower-open,Plant-Bean",0.7172980035344759
flowers,268,FL-B-v2_CHAL_0104_jpg.rf.708c1826dbfede757f7b6bee7808f028.jpg,1440,1920,9,"Flower-closed,Flower-fallen,Flower-open,Plant-Bean",1,0,9,1,0.0,0.0,,Flower-closed,0.5370416045188904
flowers,269,FL-B-v2_REP_0290_jpg.rf.cc76593fcd0ab70dcd8d5c0f943b6e9a.jpg,1440,1920,23,"Flower-closed,Flower-open,Plant-Bean",19,14,9,5,0.7368421052631579,0.6086956521739131,0.8126837007326345,"Flower-closed,Flower-open,Plant-Bean",0.6870106348865911
flowers,270,FL-B-v2_REP_0123_jpg.rf.1530c7f77319a3042a6e8271762b6843.jpg,460,1024,20,"Flower-closed,Flower-fallen,Flower-open,Plant-Bean",14,11,9,3,0.7857142857142857,0.55,0.8457788928739781,"Flower-closed,Flower-fallen,Flower-open,Plant-Bean",0.7552958173411233
flowers,271,FL-B-v2_REP_0157_jpg.rf.46b18ba9fadb6c874c2e534a867b2e9e.jpg,1024,1024,22,"Flower-closed,Flower-fallen,Flower-open,Plant-Bean",14,14,8,0,1.0,0.6363636363636364,0.8423766402450068,"Flower-closed,Flower-open,Plant-Bean",0.8089965241295951
flowers,272,FL-B-v2_CHAL_0027_jpg.rf.af0aabd3999d60403895848063d460a6.jpg,3060,4080,33,"Flower-closed,Flower-dry,Flower-fallen,Flower-open,Plant-Bean",4,1,32,3,0.25,0.030303030303030304,0.7342236995404701,"Flower-dry,Flower-open",0.6628582775592804
flowers,273,FL-B-v2_REP_0093_jpg.rf.3e3caf8e873e943a881f0250a8efda57.jpg,3060,4080,12,"Flower-closed,Flower-fallen,Flower-open,Plant-Bean",9,8,4,1,0.8888888888888888,0.6666666666666666,0.8439846525970487,"Flower-closed,Flower-open,Plant-Bean",0.7523866693178812
flowers,274,FL-B-v2_REP_0062_jpg.rf.ece2c32b16b2bcd2d161adee6eca0939.jpg,3060,4080,3,Plant-Bean,8,2,1,6,0.25,0.6666666666666666,0.8425445638681204,"Flower-closed,Flower-open,Plant-Bean",0.6619167178869247
flowers,275,FL-B-v2_REP_0027_jpg.rf.8cc8f3e479745bba7f28bd292081c292.jpg,3468,4624,34,"Flower-closed,Flower-dry,Flower-fallen,Flower-open,Plant-Bean",25,19,15,6,0.76,0.5588235294117647,0.8394413838579678,"Flower-closed,Flower-fallen,Flower-open,Plant-Bean",0.7420062708854676
flowers,276,FL-B-v2_REP_0099_jpg.rf.f44d3c64994d6797119516a29b31bd13.jpg,3060,4080,12,"Flower-closed,Flower-dry,Flower-fallen,Flower-open,Plant-Bean",9,5,7,4,0.5555555555555556,0.4166666666666667,0.9026530436971896,"Flower-closed,Flower-fallen,Flower-open,Plant-Bean",0.6738289660877652
flowers,277,FL-B-v2_REP_0219_jpg.rf.e0be50340d194b40c8f77f282aef8748.jpg,3060,4080,22,"Flower-closed,Flower-fallen,Flower-open,Plant-Bean",10,4,18,6,0.4,0.18181818181818182,0.7354733311354724,"Flower-closed,Flower-open,Plant-Bean",0.6559467375278473
flowers,278,FL-B-v2_REP_0169_jpg.rf.b2bd39568f7681f2c153351747e923f1.jpg,3060,4080,12,"Flower-closed,Flower-open,Plant-Bean",8,8,4,0,1.0,0.6666666666666666,0.8764261500565043,"Flower-closed,Flower-open,Plant-Bean",0.776509515941143
flowers,279,FL-B-v2_CHAL_0037_jpg.rf.a3e38c73979e023e9a9d74b682024b49.jpg,3060,4080,18,"Flower-closed,Flower-fallen,Flower-open,Plant-Bean",11,9,9,2,0.8181818181818182,0.5,0.8194791560127729,"Flower-closed,Flower-fallen,Flower-open,Plant-Bean",0.7376015728170221
flowers,280,FL-B-v2_REP_0155_jpg.rf.a4fec12922196d43363a768a1f4a38e4.jpg,460,1024,15,"Flower-closed,Flower-fallen,Flower-open,Plant-Bean",7,6,9,1,0.8571428571428571,0.4,0.8488826433299105,"Flower-closed,Flower-dry,Flower-open,Plant-Bean",0.7372459300926754
flowers,281,FL-B-v2_CHAL_0113_jpg.rf.b65d8a25864d2bcafe9bb37a4b7e637b.jpg,1440,1920,5,"Flower-dry,Flower-fallen,Flower-open,Plant-Bean",3,1,4,2,0.3333333333333333,0.2,0.9820275363539122,"Flower-closed,Plant-Bean",0.5866701106230418
flowers,282,FL-B-v2_CHAL_0022_jpg.rf.d717f4a7df5fa803d59d7b0105210d69.jpg,3060,4080,9,"Flower-closed,Flower-fallen,Flower-open,Plant-Bean",5,5,4,0,1.0,0.5555555555555556,0.8878265203436861,"Flower-closed,Flower-fallen,Flower-open,Plant-Bean",0.7595209658145905
flowers,283,FL-B-v2_REP_0167_jpg.rf.2de0b4c14a6fe477cbb94182a6a42e5c.jpg,3060,4080,30,"Flower-closed,Flower-fallen,Flower-open,Plant-Bean",12,12,18,0,1.0,0.4,0.8086043588086489,"Flower-closed,Flower-open,Plant-Bean",0.7199357400337855
flowers,284,FL-B-v2_REP_0026_jpg.rf.ae7635eef3ced93162f9e37a18618db6.jpg,3468,4624,26,"Flower-closed,Flower-open,Plant-Bean",22,21,5,1,0.9545454545454546,0.8076923076923077,0.8611378096771853,"Flower-closed,Flower-open,Plant-Bean",0.7717546739361503
flowers,285,FL-B-v2_CHAL_0091_jpg.rf.5c1e2d9ef600cb6b52f35e37570725b2.jpg,3060,4080,19,"Flower-closed,Flower-dry,Flower-open,Plant-Bean",9,7,12,2,0.7777777777777778,0.3684210526315789,0.8169479060233479,"Flower-closed,Flower-open,Plant-Bean",0.7817575799094306
flowers,286,FL-B-v2_REP_0168_jpg.rf.a8df8dd7b9eb182ce1a7ebd472bd4207.jpg,3060,4080,18,"Flower-closed,Flower-fallen,Flower-open,Plant-Bean",13,10,8,3,0.7692307692307693,0.5555555555555556,0.8339335934730979,"Flower-closed,Flower-dry,Flower-fallen,Flower-open,Plant-Bean",0.6117830849610842
flowers,287,FL-B-v2_CHAL_0044_jpg.rf.e8feca53a653f433c3957f140a17e622.jpg,3060,4080,17,"Flower-closed,Flower-fallen,Plant-Bean",9,7,10,2,0.7777777777777778,0.4117647058823529,0.8742004141920329,"Flower-closed,Flower-fallen",0.5587785442670187
flowers,288,FL-B-v2_REP_0191_jpg.rf.f60fa94a5b19e5144853978b6dd718c8.jpg,3060,4080,10,"Flower-closed,Flower-open,Plant-Bean",7,7,3,0,1.0,0.7,0.8011100444636108,"Flower-closed,Flower-open,Plant-Bean",0.6732287236622402
flowers,289,FL-B-v2_REP_0146_jpg.rf.97000d92d8cb862456c3f8e9971ad6ea.jpg,1024,1024,9,"Flower-closed,Flower-open,Plant-Bean",9,7,2,2,0.7777777777777778,0.7777777777777778,0.9083819451291614,"Flower-closed,Flower-dry,Flower-open,Plant-Bean",0.7598629064030118
flowers,290,FL-B-v2_REP_0115_jpg.rf.c107d7c483ed70f3cca7015d8f8acb9f.jpg,768,1024,29,"Flower-closed,Flower-dry,Flower-fallen,Flower-open,Plant-Bean",20,16,13,4,0.8,0.5517241379310345,0.8812654192997267,"Flower-closed,Flower-fallen,Flower-open,Plant-Bean",0.7560840040445328
flowers,291,FL-B-v2_REP_0281_jpg.rf.974e6b0d5ce291e44abc123040281201.jpg,1440,1920,17,"Flower-closed,Flower-fallen,Flower-open,Plant-Bean",6,5,12,1,0.8333333333333334,0.29411764705882354,0.8091422618075965,"Flower-closed,Flower-open,Plant-Bean",0.6392095138629278
flowers,292,FL-B-v2_CHAL_0024_jpg.rf.7012f81941c003e5f8d177ffee6fd11e.jpg,3060,4080,15,"Flower-fallen,Plant-Bean",7,5,10,2,0.7142857142857143,0.3333333333333333,0.8849349981795862,"Flower-fallen,Plant-Bean",0.7334294319152832
flowers,293,FL-B-v2_REP_0141_jpg.rf.c974652335b049f5e3bfc6d8db6b9cf4.jpg,1024,768,5,"Flower-closed,Flower-fallen,Flower-open,Plant-Bean",3,3,2,0,1.0,0.6,0.7718001931026152,"Flower-closed,Flower-open,Plant-Bean",0.8228167295455933
flowers,294,FL-B-v2_REP_0067_jpg.rf.4ccd959ad9659fd27241cefa3ceb6f26.jpg,3060,4080,4,Plant-Bean,7,2,2,5,0.2857142857142857,0.5,0.8563214353592012,"Flower-closed,Flower-open,Plant-Bean",0.734353380543845
flowers,295,FL-B-v2_REP_0284_jpg.rf.a327badfec8e51454d6004a8fe983ef3.jpg,1440,1920,58,"Flower-closed,Flower-fallen,Flower-open,Plant-Bean",21,14,44,7,0.6666666666666666,0.2413793103448276,0.8158494678532154,"Flower-closed,Flower-fallen,Flower-open,Plant-Bean",0.6636713430995033
flowers,296,FL-B-v2_REP_0112_jpg.rf.dcfc6f1db691ca086382cc288dc04cbb.jpg,460,1024,14,"Flower-closed,Flower-fallen,Flower-open,Plant-Bean",9,7,7,2,0.7777777777777778,0.5,0.8286285105425272,"Flower-closed,Flower-open,Plant-Bean",0.8020950555801392
flowers,297,FL-B-v2_REP_0096_jpg.rf.88d563b5f08994245df6c7550151be0d.jpg,3060,4080,34,"Flower-closed,Flower-dry,Flower-fallen,Flower-open,Plant-Bean",27,21,13,6,0.7777777777777778,0.6176470588235294,0.8301434160972496,"Flower-closed,Flower-fallen,Flower-open,Plant-Bean",0.7415718855681243
flowers,298,FL-B-v2_REP_0114_jpg.rf.15fedabf9c315c0d4775b8a1f4acb259.jpg,768,1024,7,"Flower-closed,Plant-Bean",5,5,2,0,1.0,0.7142857142857143,0.8209228292825813,"Flower-closed,Plant-Bean",0.6964517712593079
flowers,299,FL-B-v2_REP_0174_jpg.rf.6a6de812ed0d1ab101a4dfae37bc5037.jpg,3060,4080,28,"Flower-closed,Flower-open,Plant-Bean",13,10,18,3,0.7692307692307693,0.35714285714285715,0.8552178476861295,"Flower-closed,Flower-open,Plant-Bean",0.7199537341411297
flowers,300,FL-B-v2_REP_0183_jpg.rf.bc5f584447e620148208cae92a39bebd.jpg,3060,4080,15,"Flower-closed,Flower-open,Plant-Bean",8,8,7,0,1.0,0.5333333333333333,0.8192604466363889,"Flower-closed,Flower-open,Plant-Bean",0.7088737897574902
flowers,301,FL-B-v2_REP_0059_jpg.rf.28d869f3bd5a1188e6ba4fc7a4065e56.jpg,3060,4080,10,"Flower-closed,Plant-Bean",3,2,8,1,0.6666666666666666,0.2,0.9628100041544185,"Flower-open,Plant-Bean",0.7856273253758749
flowers,302,FL-B-v2_CHAL_0080_jpg.rf.99a546d7ee993ec3e2b85063b3976813.jpg,768,1024,12,"Flower-closed,Flower-dry,Flower-open,Plant-Bean",11,9,3,2,0.8181818181818182,0.75,0.7846310149641441,"Flower-closed,Flower-dry,Flower-open,Plant-Bean",0.8315300670537081
flowers,303,FL-B-v2_CHAL_0086_jpg.rf.bd4f9691173e0199ca042e73cc3c6daf.jpg,768,1024,11,"Flower-closed,Flower-open,Plant-Bean",7,6,5,1,0.8571428571428571,0.5454545454545454,0.8998454184860516,"Flower-closed,Flower-open,Plant-Bean",0.7524732947349548
flowers,304,FL-B-v2_REP_0286_jpg.rf.3ca4d13ef00a2949adb459fc78c65713.jpg,1440,1920,19,"Flower-closed,Flower-fallen,Flower-open,Plant-Bean",7,7,12,0,1.0,0.3684210526315789,0.7656876472497643,"Flower-closed,Flower-open,Plant-Bean",0.7041206359863281
flowers,305,FL-B-v2_REP_0042_jpg.rf.80934c994c3c4e080139b72d3dcfadf3.jpg,3468,4624,68,"Flower-closed,Flower-dry,Flower-fallen,Flower-open,Plant-Bean",21,15,53,6,0.7142857142857143,0.22058823529411764,0.7686770112935017,"Flower-closed,Flower-dry,Flower-fallen,Flower-open,Plant-Bean",0.7624117803005945
flowers,306,FL-B-v2_REP_0248_jpg.rf.d25fe3e1740dc8a948d244d16f9887fd.jpg,1440,1920,18,"Flower-closed,Flower-dry,Flower-fallen,Flower-open,Plant-Bean",8,5,13,3,0.625,0.2777777777777778,0.7251293944879372,"Flower-closed,Flower-dry,Flower-fallen,Flower-open,Plant-Bean",0.6282773390412331
flowers,307,FL-B-v2_REP_0079_jpg.rf.2312e5df1e12d42e155f75ebfc537dfd.jpg,3060,4080,19,"Flower-closed,Flower-open,Plant-Bean",18,14,5,4,0.7777777777777778,0.7368421052631579,0.7729364187302867,"Flower-closed,Flower-open,Plant-Bean",0.7292729616165161
flowers,308,FL-B-v2_REP_0001_jpg.rf.f873a87c42cd4ddd5c5734587af99d3e.jpg,3468,4624,13,"Flower-closed,Flower-open,Plant-Bean",15,10,3,5,0.6666666666666666,0.7692307692307693,0.8625006548497405,"Flower-closed,Flower-open,Plant-Bean",0.7293756802876791
flowers,309,FL-B-v2_REP_0102_jpg.rf.b4124409cca887b50ea3c4f6a7553f4f.jpg,3060,4080,26,"Flower-closed,Flower-dry,Flower-fallen,Flower-open,Plant-Bean",9,7,19,2,0.7777777777777778,0.2692307692307692,0.8302258476086145,"Flower-closed,Flower-fallen,Flower-open,Plant-Bean",0.664783904949824
flowers,310,FL-B-v2_CHAL_0095_jpg.rf.277e53b58dca1e854ba986796332d209.jpg,3060,4080,2,"Flower-closed,Plant-Bean",3,1,1,2,0.3333333333333333,0.5,0.9815863256589655,"Flower-fallen,Plant-Bean",0.6109908918539683
flowers,311,FL-B-v2_REP_0199_jpg.rf.4344b4f2ac4e3f8cf0e457d434b91735.jpg,3060,4080,7,"Flower-closed,Flower-open,Plant-Bean",4,3,4,1,0.75,0.42857142857142855,0.8429395336908758,"Flower-closed,Flower-dry,Plant-Bean",0.8235051780939102
flowers,312,FL-B-v2_REP_0210_jpg.rf.19787d694fa12304346a8e461519d3cb.jpg,3060,4080,8,"Flower-closed,Flower-fallen,Flower-open,Plant-Bean",4,4,4,0,1.0,0.5,0.7850025288291025,"Flower-closed,Flower-open,Plant-Bean",0.665054515004158
flowers,313,FL-B-v2_REP_0317_jpg.rf.213251b2b6bc542e83c3a94530372d7f.jpg,1440,1920,22,"Flower-closed,Flower-open,Plant-Bean",12,10,12,2,0.8333333333333334,0.45454545454545453,0.8355724069750545,"Flower-closed,Flower-open,Plant-Bean",0.6263473033905029
flowers,314,FL-B-v2_REP_0310_jpg.rf.deda3e2c166ae89120a69cdf5967b2e0.jpg,1440,1920,11,"Flower-closed,Flower-open,Plant-Bean",4,3,8,1,0.75,0.2727272727272727,0.7533169672031254,"Flower-open,Plant-Bean",0.7678631693124771
flowers,315,FL-B-v2_REP_0144_jpg.rf.291205315202cbbfb7ed3f6625881cfd.jpg,768,1024,11,"Flower-closed,Flower-fallen,Flower-open,Plant-Bean",9,9,2,0,1.0,0.8181818181818182,0.8738197093363189,"Flower-closed,Flower-open,Plant-Bean",0.8011141154501173
flowers,316,FL-B-v2_REP_0081_jpg.rf.5796d1322bc1acbc0cdec7197ee42e66.jpg,3060,4080,13,"Flower-closed,Flower-fallen,Flower-open,Plant-Bean",12,8,5,4,0.6666666666666666,0.6153846153846154,0.8570924159692646,"Flower-closed,Flower-open,Plant-Bean",0.7179834345976511
flowers,317,FL-B-v2_REP_0106_jpg.rf.a1df86b7a39a5883819283db6a5a4e30.jpg,3060,4080,26,"Flower-closed,Flower-fallen,Flower-open,Plant-Bean",21,17,9,4,0.8095238095238095,0.6538461538461539,0.8133368401963348,"Flower-closed,Flower-fallen,Flower-open,Plant-Bean",0.6579016943772634
flowers,318,FL-B-v2_CHAL_0031_jpg.rf.9957e00d617edfee596c2bb4116cc727.jpg,3060,4080,3,"Flower-closed,Flower-open,Plant-Bean",2,2,1,0,1.0,0.6666666666666666,0.7789213980009957,"Flower-closed,Flower-open",0.7474235892295837
flowers,319,FL-B-v2_REP_0239_jpg.rf.7d3d58544181b415473ed153d2c0efbd.jpg,1440,1920,7,"Flower-closed,Flower-fallen,Flower-open,Plant-Bean",7,6,1,1,0.8571428571428571,0.8571428571428571,0.9349393492490199,"Flower-closed,Flower-fallen,Flower-open,Plant-Bean",0.7564270070620945
flowers,320,FL-B-v2_REP_0020_jpg.rf.d7f30baa769346d59a34cb8bcf504741.jpg,3468,4624,9,"Flower-closed,Flower-fallen,Flower-open,Plant-Bean",7,6,3,1,0.8571428571428571,0.6666666666666666,0.8459291274098888,"Flower-closed,Flower-open,Plant-Bean",0.796869831425803
flowers,321,FL-B-v2_CHAL_0050_jpg.rf.d61e40f2bb4850f6690ba01ae07cbac9.jpg,472,1024,11,"Flower-closed,Flower-fallen,Flower-open,Plant-Bean",6,5,6,1,0.8333333333333334,0.45454545454545453,0.8754372110649185,"Flower-closed,Flower-open,Plant-Bean",0.7550356785456339
flowers,322,FL-B-v2_REP_0250_jpg.rf.a155a1aeef52b832dbab8e38b0349793.jpg,1440,1920,34,"Flower-closed,Flower-dry,Flower-fallen,Flower-open,Plant-Bean",22,19,15,3,0.8636363636363636,0.5588235294117647,0.8215169175149049,"Flower-closed,Flower-fallen,Flower-open,Plant-Bean",0.6846221468665383
flowers,323,FL-B-v2_REP_0254_jpg.rf.adc82be03e9009acc32a43f5fc9fd573.jpg,1440,1920,62,"Flower-closed,Flower-dry,Flower-fallen,Flower-open,Plant-Bean",23,19,43,4,0.8260869565217391,0.3064516129032258,0.8256542197329779,"Flower-closed,Flower-dry,Flower-fallen,Flower-open,Plant-Bean",0.7181226403816886
flowers,324,FL-B-v2_CHAL_0042_jpg.rf.66bfc04216207440448157d7263265f3.jpg,3060,4080,36,"Flower-closed,Flower-fallen,Flower-open,Plant-Bean",13,11,25,2,0.8461538461538461,0.3055555555555556,0.7792944486489941,"Flower-closed,Flower-open,Plant-Bean",0.6698795098524827
flowers,325,FL-B-v2_REP_0050_jpg.rf.dde949cf844d76d14343308b1df3ddc0.jpg,3468,4624,63,"Flower-closed,Flower-dry,Flower-fallen,Flower-open,Plant-Bean",39,30,33,9,0.7692307692307693,0.47619047619047616,0.8406320507170318,"Flower-closed,Flower-dry,Flower-fallen,Flower-open,Plant-Bean",0.698104875210004
flowers,326,FL-B-v2_CHAL_0012_jpg.rf.c4a83716d584773c15794808c876f5ed.jpg,2448,3264,42,"Flower-closed,Flower-dry,Flower-fallen,Flower-open,Plant-Bean",16,13,29,3,0.8125,0.30952380952380953,0.8651876310820561,"Flower-dry,Flower-fallen,Flower-open,Plant-Bean",0.6637404728680849
flowers,327,FL-B-v2_CHAL_0008_jpg.rf.4dddfef973dd25989a0fee244596d105.jpg,3468,4624,43,"Flower-closed,Flower-dry,Flower-fallen,Flower-open,Plant-Bean",14,9,34,5,0.6428571428571429,0.20930232558139536,0.8167534089234084,"Flower-closed,Flower-dry,Flower-fallen,Flower-open,Plant-Bean",0.6533140646559852
flowers,328,FL-B-v2_REP_0049_jpg.rf.249e9894e9b297d909a9c83399c8e1cb.jpg,3468,4624,37,"Flower-closed,Flower-dry,Flower-fallen,Flower-open,Plant-Bean",18,13,24,5,0.7222222222222222,0.35135135135135137,0.874304458030086,"Flower-closed,Flower-dry,Flower-fallen,Flower-open,Plant-Bean",0.759191244840622
flowers,329,FL-B-v2_REP_0179_jpg.rf.676c923696921d89c0cb9f0e8bcca817.jpg,3060,4080,15,"Flower-closed,Flower-dry,Flower-fallen,Flower-open,Plant-Bean",10,8,7,2,0.8,0.5333333333333333,0.8177521477463927,"Flower-closed,Flower-fallen,Flower-open",0.6488864809274674
flowers,330,FL-B-v2_REP_0283_jpg.rf.a341707ac4da11e6312435b6983aeb52.jpg,1440,1920,42,"Flower-closed,Flower-dry,Flower-fallen,Flower-open,Plant-Bean",20,11,31,9,0.55,0.2619047619047619,0.815288406803614,"Flower-closed,Flower-fallen,Flower-open,Plant-Bean",0.6367241442203522
flowers,331,FL-B-v2_REP_0193_jpg.rf.d56eae5b23f027556c651a54ab822f5a.jpg,3060,4080,20,"Flower-closed,Flower-open,Plant-Bean",5,5,15,0,1.0,0.25,0.7215097200364511,"Flower-closed,Plant-Bean",0.618532782793045
flowers,332,FL-B-v2_CHAL_0084_jpg.rf.60f2589dde5c8780501d55605e439012.jpg,460,1024,8,"Flower-closed,Flower-dry,Flower-open,Plant-Bean",6,4,4,2,0.6666666666666666,0.5,0.9183032785661553,"Flower-closed,Flower-open,Plant-Bean",0.7722716331481934
flowers,333,FL-B-v2_CHAL_0053_jpg.rf.18b7a5d8383d3c5974c346f9fe865a4f.jpg,460,1024,12,"Flower-closed,Flower-open,Plant-Bean",7,5,7,2,0.7142857142857143,0.4166666666666667,0.8513240729858949,"Flower-closed,Flower-open,Plant-Bean",0.6990615384919303
flowers,334,FL-B-v2_REP_0253_jpg.rf.a11e1148a1d0ec9269bb589dff6c8ef5.jpg,1440,1920,25,"Flower-closed,Flower-dry,Flower-fallen,Flower-open,Plant-Bean",11,9,16,2,0.8181818181818182,0.36,0.832449064912693,"Flower-closed,Flower-fallen,Flower-open,Plant-Bean",0.6851852156899192
flowers,335,FL-B-v2_REP_0139_jpg.rf.4f6861dfe382c230a602b8a0dfd84142.jpg,768,1024,4,"Flower-closed,Plant-Bean",3,2,2,1,0.6666666666666666,0.5,0.8800037012705315,"Flower-closed,Flower-open,Plant-Bean",0.7296438217163086
flowers,336,FL-B-v2_REP_0186_jpg.rf.93736e577f5e6b9d6ad8e951258e4518.jpg,3060,4080,25,"Flower-closed,Flower-dry,Flower-fallen,Flower-open,Plant-Bean",13,13,12,0,1.0,0.52,0.7809662020854955,"Flower-closed,Flower-fallen,Flower-open,Plant-Bean",0.7140819613750164
flowers,337,FL-B-v2_CHAL_0106_jpg.rf.345c8ce541edeb6753059ff81446a3e8.jpg,1440,1920,10,"Flower-closed,Flower-dry,Flower-open,Plant-Bean",10,5,5,5,0.5,0.5,0.8543419173922526,"Flower-dry,Flower-open,Plant-Bean",0.7111431002616883
flowers,338,FL-B-v2_REP_0235_jpg.rf.cd02ceb5b1e683d05796ee1cae96be1f.jpg,1440,1920,20,"Flower-closed,Flower-dry,Flower-fallen,Flower-open,Plant-Bean",12,8,12,4,0.6666666666666666,0.4,0.8587433805287097,"Flower-closed,Flower-dry,Flower-fallen,Flower-open",0.7122220049301783
flowers,339,FL-B-v2_REP_0195_jpg.rf.1b0609052b534aee462c30ce99611a9d.jpg,3060,4080,7,"Flower-closed,Flower-open,Plant-Bean",4,4,3,0,1.0,0.5714285714285714,0.8972982366149947,"Flower-closed,Flower-open,Plant-Bean",0.8579636961221695
flowers,340,FL-B-v2_CHAL_0059_jpg.rf.0d89665deed253f9d92f624eb87d6372.jpg,472,1024,29,"Flower-closed,Flower-dry,Flower-fallen,Flower-open",19,10,19,9,0.5263157894736842,0.3448275862068966,0.763837504330741,"Flower-closed,Flower-dry,Flower-open,Plant-Bean",0.7042758653038427
flowers,341,FL-B-v2_REP_0201_jpg.rf.cfce70a23a64133a3c7226a59f6ba917.jpg,3060,4080,5,"Flower-fallen,Plant-Bean",4,3,2,1,0.75,0.6,0.7960327245425257,"Flower-closed,Flower-fallen,Plant-Bean",0.733797550201416
flowers,342,FL-B-v2_CHAL_0040_jpg.rf.2f404ab07f6a9ad36122bfeddcbc1fb6.jpg,3060,4080,26,"Flower-dry,Flower-fallen,Plant-Bean",5,2,24,3,0.4,0.07692307692307693,0.9329714290205394,"Flower-closed,Flower-dry,Flower-fallen,Plant-Bean",0.6956105351448059
flowers,343,FL-B-v2_CHAL_0071_jpg.rf.d2b30896c8915b00d4928c53e5fd576e.jpg,460,1024,2,Flower-closed,3,1,1,2,0.3333333333333333,0.5,0.8714846142673283,"Flower-closed,Plant-Bean",0.7309872905413309
flowers,344,FL-B-v2_REP_0329_jpg.rf.59b110201c24bc5f009472e334d8a4e1.jpg,1440,1920,22,"Flower-closed,Flower-dry,Flower-fallen,Flower-open,Plant-Bean",12,10,12,2,0.8333333333333334,0.45454545454545453,0.8510378609349957,"Flower-closed,Flower-fallen,Flower-open,Plant-Bean",0.6377925748626391
flowers,345,FL-B-v2_REP_0135_jpg.rf.c78c0725f4f70d9d1755e6384fb3d6b5.jpg,768,1024,24,"Flower-closed,Flower-fallen,Flower-open,Plant-Bean",15,14,10,1,0.9333333333333333,0.5833333333333334,0.8596413661227366,"Flower-closed,Flower-open,Plant-Bean",0.7824393610159556
flowers,346,FL-B-v2_REP_0008_jpg.rf.537a2c80cf99fd30149a59bff20b5317.jpg,3468,4624,66,"Flower-closed,Flower-dry,Flower-fallen,Flower-open,Plant-Bean",31,26,40,5,0.8387096774193549,0.3939393939393939,0.786564099555412,"Flower-closed,Flower-dry,Flower-fallen,Flower-open,Plant-Bean",0.7192985300094851
flowers,347,FL-B-v2_REP_0011_jpg.rf.84bb249bca245b88a7b8dd9163d6dbc8.jpg,3468,4624,24,"Flower-closed,Flower-fallen,Flower-open,Plant-Bean",10,8,16,2,0.8,0.3333333333333333,0.855035045029164,"Flower-closed,Flower-open,Plant-Bean",0.7374680548906326
flowers,348,FL-B-v2_REP_0245_jpg.rf.d34365d82cf189a70efc7039198dc027.jpg,1440,1920,42,"Flower-closed,Flower-dry,Flower-fallen,Flower-open,Plant-Bean",8,8,34,0,1.0,0.19047619047619047,0.805994347437428,"Flower-closed,Flower-open,Plant-Bean",0.7728284597396851
flowers,349,FL-B-v2_REP_0041_jpg.rf.45469eb089745027218a45dc43cb8e74.jpg,3468,4624,22,"Flower-closed,Flower-dry,Flower-fallen,Flower-open,Plant-Bean",15,13,9,2,0.8666666666666667,0.5909090909090909,0.8526586568107087,"Flower-closed,Flower-fallen,Flower-open,Plant-Bean",0.8091687401135762
flowers,350,FL-B-v2_CHAL_0100_jpg.rf.24b06acc9568ea2e86f9edf80166e352.jpg,3060,4080,9,"Flower-fallen,Flower-open",2,0,9,2,0.0,0.0,,Plant-Bean,0.6247212588787079
flowers,351,FL-B-v2_REP_0276_jpg.rf.7b7db464f11f7f747d08f52f4cd4f33e.jpg,1440,1920,8,"Flower-closed,Flower-open,Plant-Bean",4,4,4,0,1.0,0.5,0.9010255007128637,"Flower-closed,Plant-Bean",0.69581039249897
flowers,352,FL-B-v2_REP_0206_jpg.rf.2fa44aee92a99431458e376c4b3684cd.jpg,3060,4080,8,"Flower-closed,Plant-Bean",5,4,4,1,0.8,0.5,0.9274723061022521,"Flower-closed,Flower-fallen,Plant-Bean",0.6144637286663055
flowers,353,FL-B-v2_REP_0267_jpg.rf.916c1cf28bd42228cdce4a911f7551c9.jpg,1440,1920,28,"Flower-closed,Flower-dry,Flower-fallen,Flower-open,Plant-Bean",17,13,15,4,0.7647058823529411,0.4642857142857143,0.815412527105872,"Flower-closed,Flower-dry,Flower-open,Plant-Bean",0.7002721726894379
flowers,354,FL-B-v2_CHAL_0020_jpg.rf.fde2433ccd4f50d26479b017f85a39f2.jpg,3060,4080,12,"Flower-closed,Flower-dry,Flower-fallen,Flower-open,Plant-Bean",9,6,6,3,0.6666666666666666,0.5,0.8594285455226256,"Flower-closed,Flower-dry,Flower-fallen,Flower-open,Plant-Bean",0.6756259865230985
flowers,355,FL-B-v2_REP_0012_jpg.rf.e2b74b22640a629551c1dd09bd86755b.jpg,3468,4624,29,"Flower-closed,Flower-dry,Flower-fallen,Flower-open,Plant-Bean",11,5,24,6,0.45454545454545453,0.1724137931034483,0.768776037507985,"Flower-closed,Flower-dry,Flower-fallen,Flower-open,Plant-Bean",0.6703441386873071
flowers,356,FL-B-v2_REP_0180_jpg.rf.e1d04cf663fbd15b9bb153df6c93e5a3.jpg,3060,4080,29,"Flower-closed,Flower-fallen,Flower-open,Plant-Bean",9,8,21,1,0.8888888888888888,0.27586206896551724,0.7620791799454973,"Flower-closed,Flower-open,Plant-Bean",0.6501230597496033
flowers,357,FL-B-v2_CHAL_0075_jpg.rf.ff9b0c02d9bc89d5a24d8646f5b38a87.jpg,768,1024,10,"Flower-closed,Flower-open,Plant-Bean",7,6,4,1,0.8571428571428571,0.6,0.7408985398960651,"Flower-closed,Flower-open",0.7898305654525757
flowers,358,FL-B-v2_CHAL_0033_jpg.rf.39ea2ca1706edb4f6a94493d81c15ed4.jpg,3060,4080,18,"Flower-closed,Flower-dry,Flower-fallen,Flower-open,Plant-Bean",5,3,15,2,0.6,0.16666666666666666,0.9361862710408131,"Flower-closed,Flower-dry,Flower-fallen,Plant-Bean",0.6883784651756286
flowers,359,FL-B-v2_REP_0038_jpg.rf.32162805f5bfe0a02b29335ef9f860dc.jpg,2448,3264,33,"Flower-closed,Flower-fallen,Flower-open,Plant-Bean",18,16,17,2,0.8888888888888888,0.48484848484848486,0.8609514008144521,"Flower-closed,Flower-open,Plant-Bean",0.7454478674464755
flowers,360,FL-B-v2_REP_0054_jpg.rf.f0d045fbb564ec00dd810b7f8f72e66d.jpg,3000,4000,62,"Flower-closed,Flower-dry,Flower-fallen,Flower-open,Plant-Bean",16,14,48,2,0.875,0.22580645161290322,0.8041024922216733,"Flower-closed,Flower-dry,Flower-fallen,Flower-open,Plant-Bean",0.6899019964039326
flowers,361,FL-B-v2_REP_0160_jpg.rf.fa1bac0ff2b2ad03e285a8fb39e9b6cd.jpg,456,1024,16,"Flower-closed,Flower-open,Plant-Bean",5,3,13,2,0.6,0.1875,0.7590789386317942,"Flower-closed,Flower-open,Plant-Bean",0.7482156753540039
flowers,362,FL-B-v2_CHAL_0005_jpg.rf.700f7eb30e6402c765992c3fd2ff68de.jpg,2448,3264,14,"Flower-closed,Flower-dry,Flower-fallen,Flower-open",13,10,4,3,0.7692307692307693,0.7142857142857143,0.8354632783288747,"Flower-closed,Flower-dry,Flower-fallen,Flower-open,Plant-Bean",0.5812883789722736
flowers,363,FL-B-v2_REP_0147_jpg.rf.f93041a4a9a054124bec91d0cc6e0025.jpg,1024,1024,21,"Flower-closed,Flower-fallen,Flower-open,Plant-Bean",19,16,5,3,0.8421052631578947,0.7619047619047619,0.8455940207883991,"Flower-closed,Flower-dry,Flower-open,Plant-Bean",0.7504489484586214
flowers,364,FL-B-v2_REP_0004_jpg.rf.a37b7bc7acfb6073b1228d93d7151143.jpg,3060,4080,18,"Flower-closed,Flower-open,Plant-Bean",15,13,5,2,0.8666666666666667,0.7222222222222222,0.7963982587042201,"Flower-closed,Flower-open,Plant-Bean",0.7398135940233866
flowers,365,FL-B-v2_CHAL_0029_jpg.rf.cdb2c688415fa68e368cda800ba770d0.jpg,3060,4080,17,"Flower-closed,Flower-dry,Flower-fallen,Plant-Bean",9,7,10,2,0.7777777777777778,0.4117647058823529,0.8032194188168132,"Flower-closed,Flower-fallen,Flower-open,Plant-Bean",0.5843206776512994
flowers,366,FL-B-v2_REP_0110_jpg.rf.1809fb4eaa563cfaefe9a96c2f469fd2.jpg,3060,4080,15,"Flower-closed,Flower-dry,Flower-fallen,Flower-open,Plant-Bean",12,8,7,4,0.6666666666666666,0.5333333333333333,0.7957657024313787,"Flower-closed,Flower-dry,Flower-open,Plant-Bean",0.6627746348579725
flowers,367,FL-B-v2_REP_0092_jpg.rf.88170c9b9298c05d82a8f16ffd6f74ed.jpg,3060,4080,11,"Flower-closed,Flower-open,Plant-Bean",7,7,4,0,1.0,0.6363636363636364,0.8087600641713438,"Flower-closed,Flower-open,Plant-Bean",0.7605164902550834
flowers,368,FL-B-v2_CHAL_0043_jpg.rf.142c646b33f4ca93f9c9375e083037ad.jpg,3060,4080,15,"Flower-closed,Flower-dry,Flower-fallen,Flower-open,Plant-Bean",10,4,11,6,0.4,0.26666666666666666,0.8724139060259272,"Flower-closed,Flower-fallen,Flower-open,Plant-Bean",0.5467124730348587
flowers,369,FL-B-v2_REP_0303_jpg.rf.83adf89df531c7d05626056de55c183a.jpg,3060,4080,25,"Flower-closed,Flower-fallen,Flower-open,Plant-Bean",18,16,9,2,0.8888888888888888,0.64,0.8321049478233937,"Flower-closed,Flower-open,Plant-Bean",0.7018970416651832
flowers,370,FL-B-v2_REP_0190_jpg.rf.e5b03ad9633e43310a7a01371236a03e.jpg,3060,4080,15,"Flower-closed,Flower-open,Plant-Bean",6,6,9,0,1.0,0.4,0.8198669428435683,"Flower-closed,Flower-open,Plant-Bean",0.733527253071467
flowers,371,FL-B-v2_CHAL_0030_jpg.rf.56068c1106c8aea3ecbcaa6f874b732e.jpg,3060,4080,6,"Flower-dry,Flower-fallen,Plant-Bean",4,4,2,0,1.0,0.6666666666666666,0.8813453382615819,"Flower-dry,Flower-fallen,Plant-Bean",0.7708526700735092
flowers,372,FL-B-v2_CHAL_0103_jpg.rf.452a748686ecf998c458a6d0c1ea00bf.jpg,3060,4080,18,"Flower-closed,Flower-dry,Flower-fallen,Flower-open,Plant-Bean",15,9,9,6,0.6,0.5,0.7931484361945728,"Flower-closed,Flower-dry,Flower-open,Plant-Bean",0.6527717133363088
flowers,373,FL-B-v2_CHAL_0082_jpg.rf.c1a1e004867eee0a53032ed35fe8e714.jpg,1024,472,10,"Flower-closed,Flower-open,Plant-Bean",3,3,7,0,1.0,0.3,0.8371050927307664,"Flower-closed,Flower-open,Plant-Bean",0.7426198919614156
flowers,374,FL-B-v2_REP_0122_jpg.rf.a999fff5b3d96c58c0328569aae8265b.jpg,460,1024,22,"Flower-closed,Flower-open,Plant-Bean",10,10,12,0,1.0,0.45454545454545453,0.8345901168599748,"Flower-closed,Flower-open,Plant-Bean",0.7734452188014984
flowers,375,FL-B-v2_REP_0129_jpg.rf.f19441d01d5052bab684d078a40118fd.jpg,768,1024,27,"Flower-closed,Flower-open,Plant-Bean",15,8,19,7,0.5333333333333333,0.2962962962962963,0.7677898995643294,"Flower-closed,Flower-open,Plant-Bean",0.686342849334081
flowers,376,FL-B-v2_REP_0108_jpg.rf.db57a42b4e5d1b832a012b060639891e.jpg,3060,4080,18,"Flower-closed,Flower-dry,Flower-fallen,Flower-open,Plant-Bean",13,10,8,3,0.7692307692307693,0.5555555555555556,0.793066804861773,"Flower-closed,Flower-fallen,Flower-open,Plant-Bean",0.7336251919086163
flowers,377,FL-B-v2_REP_0166_jpg.rf.5966570675c523ea74c4f1c9513bdaa5.jpg,3060,4080,13,"Flower-closed,Flower-open,Plant-Bean",7,7,6,0,1.0,0.5384615384615384,0.8167949341497955,"Flower-closed,Flower-open,Plant-Bean",0.7547757114682879
flowers,378,FL-B-v2_REP_0009_jpg.rf.5ecd12c4f6bc2d1d4c8998d8cb409687.jpg,3468,4624,42,"Flower-closed,Flower-dry,Flower-fallen,Flower-open,Plant-Bean",14,11,31,3,0.7857142857142857,0.2619047619047619,0.8285332313296115,"Flower-closed,Flower-dry,Flower-fallen,Flower-open,Plant-Bean",0.7119101520095553
flowers,379,FL-B-v2_REP_0297_jpg.rf.54f83f6cd55117cc5feb8b516cadf7fe.jpg,1440,1920,20,"Flower-closed,Flower-fallen,Flower-open,Plant-Bean",10,8,12,2,0.8,0.4,0.8486972766447123,"Flower-closed,Flower-dry,Flower-fallen,Flower-open,Plant-Bean",0.6668965518474579
flowers,380,FL-B-v2_REP_0288_jpg.rf.fc6dac510b51f6fc5a10e0729cf044c3.jpg,1440,1920,39,"Flower-closed,Flower-dry,Flower-fallen,Flower-open,Plant-Bean",17,12,27,5,0.7058823529411765,0.3076923076923077,0.7757208064789348,"Flower-closed,Flower-dry,Flower-fallen,Flower-open",0.6360674325157615
flowers,381,FL-B-v2_REP_0264_jpg.rf.c79e4974a5acc36d7f8df501bb572263.jpg,1440,1920,25,"Flower-closed,Flower-dry,Flower-fallen,Flower-open,Plant-Bean",17,10,15,7,0.5882352941176471,0.4,0.8666675480815493,"Flower-closed,Flower-dry,Flower-fallen,Flower-open,Plant-Bean",0.6682646747897653
flowers,382,FL-B-v2_CHAL_0072_jpg.rf.b187f2a97d70a26ae3515d9a6c97ed0b.jpg,768,1024,5,"Flower-closed,Flower-open,Plant-Bean",3,1,4,2,0.3333333333333333,0.2,0.9267871505924072,"Flower-closed,Flower-fallen,Flower-open",0.7228123346964518
flowers,383,FL-B-v2_REP_0048_jpg.rf.0f6b51d96ab421c4d448f0621ec24301.jpg,3468,4624,83,"Flower-closed,Flower-dry,Flower-fallen,Flower-open,Plant-Bean",33,27,56,6,0.8181818181818182,0.3253012048192771,0.8101488091709622,"Flower-closed,Flower-dry,Flower-fallen,Flower-open,Plant-Bean",0.6616340487292318
flowers,384,FL-B-v2_CHAL_0036_jpg.rf.5cdd67d440db54a057b7abc7f62ee0c4.jpg,3060,4080,16,"Flower-closed,Flower-fallen,Flower-open",10,8,8,2,0.8,0.5,0.8454662795379722,"Flower-closed,Flower-open",0.6871135234832764
flowers,385,FL-B-v2_REP_0170_jpg.rf.3ac4bb9da751ba98c96457112f3b2a10.jpg,3060,4080,12,"Flower-closed,Flower-open,Plant-Bean",6,6,6,0,1.0,0.5,0.8765894508030475,"Flower-closed,Flower-open,Plant-Bean",0.7808606078227361
flowers,386,FL-B-v2_REP_0184_jpg.rf.8d5538ea5d7976995293bc7a7e226ebe.jpg,3060,4080,21,"Flower-closed,Flower-dry,Flower-open,Plant-Bean",13,13,8,0,1.0,0.6190476190476191,0.7740324148363263,"Flower-closed,Flower-open,Plant-Bean",0.751955156142895
flowers,387,FL-B-v2_REP_0078_jpg.rf.1bb52b652efd2a2f9b8a0b1bb98b5f52.jpg,3060,4080,12,"Flower-closed,Flower-open,Plant-Bean",6,5,7,1,0.8333333333333334,0.4166666666666667,0.8442603647262716,"Flower-closed,Plant-Bean",0.7740531861782074
flowers,388,FL-B-v2_CHAL_0096_jpg.rf.a681a2778f34efeae44abd94f0f4d01a.jpg,3060,4080,11,"Flower-closed,Flower-dry,Flower-fallen,Flower-open,Plant-Bean",6,5,6,1,0.8333333333333334,0.45454545454545453,0.9003944435940288,"Flower-closed,Flower-dry,Flower-open,Plant-Bean",0.7138600647449493
flowers,389,FL-B-v2_REP_0300_jpg.rf.af2eff92321d63a8bc7c87a68ab52003.jpg,1440,1920,43,"Flower-closed,Flower-open,Plant-Bean",17,15,28,2,0.8823529411764706,0.3488372093023256,0.7913162982194543,"Flower-closed,Flower-open,Plant-Bean",0.6121728525442236
flowers,390,FL-B-v2_CHAL_0077_jpg.rf.94de14c9a53f4f89592aac05db58da4e.jpg,768,1024,1,Plant-Bean,1,1,0,0,1.0,1.0,0.8708453929875308,Plant-Bean,0.8587157726287842
flowers,391,FL-B-v2_CHAL_0056_jpg.rf.f47873132c5faf22849c4ea58130b25b.jpg,768,1024,12,"Flower-closed,Flower-dry,Flower-open,Plant-Bean",7,6,6,1,0.8571428571428571,0.5,0.8004439799200392,"Flower-closed,Flower-dry,Flower-open,Plant-Bean",0.722848287650517
flowers,392,FL-B-v2_REP_0272_jpg.rf.d42ad2391f802c7a459c32449c5b31c3.jpg,1440,1920,14,"Flower-closed,Flower-dry,Flower-fallen,Flower-open,Plant-Bean",10,7,7,3,0.7,0.5,0.8341119487737965,"Flower-closed,Flower-dry,Flower-fallen,Flower-open,Plant-Bean",0.7019901871681213
flowers,393,FL-B-v2_REP_0082_jpg.rf.7e7904c2186f8c2243d48be9e6711a7b.jpg,3060,4080,13,"Flower-closed,Flower-fallen,Flower-open,Plant-Bean",10,7,6,3,0.7,0.5384615384615384,0.8226396325652495,"Flower-closed,Flower-fallen,Flower-open,Plant-Bean",0.7168987601995468
flowers,394,FL-B-v2_REP_0094_jpg.rf.69d6ca14446c5b4820ec62f2c3488436.jpg,3060,4080,24,"Flower-closed,Flower-fallen,Flower-open,Plant-Bean",18,12,12,6,0.6666666666666666,0.5,0.9007298922498066,"Flower-closed,Flower-fallen,Flower-open,Plant-Bean",0.7525278495417701
flowers,395,FL-B-v2_CHAL_0013_jpg.rf.e3ca08396520aba847e2d5069239b3c6.jpg,3468,4624,5,"Flower-closed,Flower-open,Plant-Bean",4,4,1,0,1.0,0.8,0.8412466692004504,"Flower-closed,Flower-open,Plant-Bean",0.8426776081323624
flowers,396,FL-B-v2_CHAL_0006_jpg.rf.f57d7f28efc479d359051096e0fea4e1.jpg,3060,4080,20,"Flower-closed,Flower-dry,Flower-fallen,Flower-open,Plant-Bean",13,11,9,2,0.8461538461538461,0.55,0.8719694070601296,"Flower-closed,Flower-open,Plant-Bean",0.8099035208041852
flowers,397,FL-B-v2_REP_0022_jpg.rf.ea4163b7f3a8c80acc80c3f4016d59b0.jpg,4000,3000,69,"Flower-closed,Flower-dry,Flower-fallen,Flower-open,Plant-Bean",33,27,42,6,0.8181818181818182,0.391304347826087,0.8503630106039296,"Flower-closed,Flower-dry,Flower-fallen,Flower-open,Plant-Bean",0.6518160303433737
flowers,398,FL-B-v2_REP_0018_jpg.rf.3ac1631fa148581a0d73d940220f9ee7.jpg,3468,4624,13,"Flower-closed,Flower-open,Plant-Bean",9,9,4,0,1.0,0.6923076923076923,0.8703273019353349,"Flower-closed,Flower-open,Plant-Bean",0.8073250320222642
flowers,399,FL-B-v2_REP_0304_jpg.rf.dec79465f32871e0f6804895c831cb08.jpg,3060,4080,27,"Flower-closed,Flower-fallen,Flower-open,Plant-Bean",14,13,14,1,0.9285714285714286,0.48148148148148145,0.8505539114238473,"Flower-closed,Flower-fallen,Flower-open,Plant-Bean",0.7985654984201703
flowers,400,FL-B-v2_REP_0064_jpg.rf.beb3f00fe2b338397a4e2ae90c9bbc21.jpg,3060,4080,5,"Flower-fallen,Plant-Bean",4,2,3,2,0.5,0.4,0.7943295764129121,"Flower-closed,Flower-open,Plant-Bean",0.8177382797002792
flowers,401,FL-B-v2_REP_0207_jpg.rf.2519d93b95327b35cf080f12c4954dfe.jpg,3060,4080,12,"Flower-closed,Flower-open,Plant-Bean",4,4,8,0,1.0,0.3333333333333333,0.8843410584180725,"Flower-closed,Flower-open,Plant-Bean",0.7763175219297409
flowers,402,FL-B-v2_REP_0230_jpg.rf.3e18b65e149b90daa48cc6c68574e250.jpg,1440,1920,8,"Flower-closed,Flower-fallen,Plant-Bean",3,3,5,0,1.0,0.375,0.9256362499219933,"Flower-closed,Plant-Bean",0.8595496416091919
flowers,403,FL-B-v2_REP_0016_jpg.rf.e1bc4386ff18ec357935c5f17172fce7.jpg,3468,4624,16,"Flower-closed,Flower-dry,Flower-open,Plant-Bean",12,10,6,2,0.8333333333333334,0.625,0.8386219893126962,"Flower-closed,Flower-dry,Flower-open,Plant-Bean",0.7876507192850113
flowers,404,FL-B-v2_CHAL_0014_jpg.rf.51710119d8acfd112911ba6982ea0b16.jpg,2448,3264,21,"Flower-closed,Flower-fallen,Flower-open,Plant-Bean",14,12,9,2,0.8571428571428571,0.5714285714285714,0.8645671922765258,"Flower-closed,Flower-open,Plant-Bean",0.7387998657567161
flowers,405,FL-B-v2_CHAL_0120_jpg.rf.6708999cef2e61dfbff45bc96294675e.jpg,1440,1920,21,"Flower-closed,Flower-dry,Flower-fallen,Flower-open,Plant-Bean",12,7,14,5,0.5833333333333334,0.3333333333333333,0.8178163518655784,"Flower-closed,Flower-fallen,Flower-open,Plant-Bean",0.7098142405351003
flowers,406,FL-B-v2_REP_0024_jpg.rf.27b85e33a194450e4c715d6087bc40f8.jpg,3468,4624,20,"Flower-closed,Flower-fallen,Flower-open,Plant-Bean",13,10,10,3,0.7692307692307693,0.5,0.8028564713588204,"Flower-closed,Flower-fallen,Flower-open,Plant-Bean",0.7717642279771658
flowers,407,FL-B-v2_CHAL_0035_jpg.rf.8b88eb5eada83a150ecab2993a52f1ac.jpg,3060,4080,13,"Flower-closed,Flower-open,Plant-Bean",17,6,7,11,0.35294117647058826,0.46153846153846156,0.7966610238455228,"Flower-closed,Plant-Bean",0.6336426805047428
flowers,408,FL-B-v2_REP_0218_jpg.rf.d0edd21da9b3f664e0b200ac5fa9d628.jpg,3060,4080,10,"Flower-closed,Flower-open,Plant-Bean",6,5,5,1,0.8333333333333334,0.5,0.8563208256524959,"Flower-closed,Flower-open,Plant-Bean",0.759849617878596
flowers,409,FL-B-v2_REP_0002_jpg.rf.303676465c587605d36ec2e956f2f857.jpg,3468,4624,10,"Flower-closed,Flower-fallen,Flower-open,Plant-Bean",8,6,4,2,0.75,0.6,0.8853086602742533,"Flower-closed,Flower-open,Plant-Bean",0.8220274746417999
flowers,410,FL-B-v2_CHAL_0116_jpg.rf.ab17fe07de2a3a32afe7213acc829e06.jpg,1440,1920,7,"Flower-closed,Flower-open,Plant-Bean",5,4,3,1,0.8,0.5714285714285714,0.8516329797608815,"Flower-closed,Flower-open,Plant-Bean",0.648650860786438
flowers,411,FL-B-v2_REP_0268_jpg.rf.ca69a496f744a6c8f9feb2ad646f12b8.jpg,1440,1920,19,"Flower-closed,Flower-dry,Flower-fallen,Flower-open,Plant-Bean",9,6,13,3,0.6666666666666666,0.3157894736842105,0.7730022633537819,"Flower-closed,Flower-fallen,Flower-open,Plant-Bean",0.644815120432112
flowers,412,FL-B-v2_REP_0162_jpg.rf.b6cd04be767537bb2758906cb2ee0060.jpg,1024,1024,14,"Flower-closed,Flower-open,Plant-Bean",11,8,6,3,0.7272727272727273,0.5714285714285714,0.8688198228649258,"Flower-closed,Flower-open,Plant-Bean",0.8194981596686624
flowers,413,FL-B-v2_REP_0249_jpg.rf.91b35c2cbb8a71980c86cda60e2060cd.jpg,1440,1920,22,"Flower-closed,Flower-dry,Flower-fallen,Flower-open,Plant-Bean",17,12,10,5,0.7058823529411765,0.5454545454545454,0.8961789432875894,"Flower-closed,Flower-dry,Flower-fallen,Flower-open,Plant-Bean",0.725850867874482
flowers,414,FL-B-v2_REP_0234_jpg.rf.b8f480bf00becdd53a659a4f92cd6875.jpg,1440,1920,19,"Flower-closed,Flower-dry,Flower-fallen,Flower-open,Plant-Bean",13,10,9,3,0.7692307692307693,0.5263157894736842,0.7630335134702093,"Flower-closed,Flower-fallen,Flower-open,Plant-Bean",0.7261802622905145
flowers,415,FL-B-v2_REP_0209_jpg.rf.d69053ab7ebfcedda31c4c8212d08722.jpg,3060,4080,11,"Flower-closed,Flower-open,Plant-Bean",6,6,5,0,1.0,0.5454545454545454,0.9131167111686835,"Flower-closed,Flower-open,Plant-Bean",0.8861831625302633
flowers,416,FL-B-v2_REP_0104_jpg.rf.649166d0cc6a149a34ff1ff95b0ed928.jpg,3060,4080,38,"Flower-closed,Flower-dry,Flower-fallen,Flower-open,Plant-Bean",19,16,22,3,0.8421052631578947,0.42105263157894735,0.8557780885500488,"Flower-closed,Flower-dry,Flower-fallen,Flower-open,Plant-Bean",0.6984562716986004
flowers,417,FL-B-v2_REP_0089_jpg.rf.9333f892ad10704048fdd84552e227dd.jpg,3060,4080,16,"Flower-closed,Flower-open,Plant-Bean",12,10,6,2,0.8333333333333334,0.625,0.8262561364851415,"Flower-closed,Plant-Bean",0.7109335884451866
flowers,418,FL-B-v2_CHAL_0070_jpg.rf.b5075735b8bec165926900562056578f.jpg,768,1024,8,"Flower-closed,Flower-open,Plant-Bean",5,4,4,1,0.8,0.5,0.8653871586433766,"Flower-closed,Flower-open,Plant-Bean",0.6324565589427948
flowers,419,FL-B-v2_REP_0127_jpg.rf.c3eff2c0b86f87e94c720d422f344253.jpg,1024,1024,6,"Flower-closed,Flower-fallen,Plant-Bean",3,3,3,0,1.0,0.5,0.7278238804278635,"Flower-closed,Plant-Bean",0.813784142335256
flowers,420,FL-B-v2_CHAL_0049_jpg.rf.b8410457c9a5cef5793acd9e3d879cb4.jpg,3060,4080,4,"Flower-open,Plant-Bean",5,3,1,2,0.6,0.75,0.8753852898634206,"Flower-closed,Flower-open,Plant-Bean",0.7724413990974426
flowers,421,FL-B-v2_REP_0072_jpg.rf.f238f220bf6ca126f98e1f8f96506bf8.jpg,3060,4080,4,"Flower-closed,Plant-Bean",4,3,1,1,0.75,0.75,0.9256366228262155,"Flower-closed,Plant-Bean",0.6867785602807999
flowers,422,FL-B-v2_REP_0045_jpg.rf.116573da8bbad48a2cdd9e9bb4a3b3bf.jpg,3468,4624,78,"Flower-closed,Flower-dry,Flower-fallen,Flower-open,Plant-Bean",15,14,64,1,0.9333333333333333,0.1794871794871795,0.7839886673134349,"Flower-closed,Flower-dry,Flower-fallen,Flower-open,Plant-Bean",0.7220727543036143
flowers,423,FL-B-v2_REP_0087_jpg.rf.c17b5a41c080be7edadd30c5b76b38ec.jpg,3060,4080,20,"Flower-closed,Flower-fallen,Flower-open,Plant-Bean",17,10,10,7,0.5882352941176471,0.5,0.8322120563243868,"Flower-closed,Flower-open,Plant-Bean",0.6867271135835087
flowers,424,FL-B-v2_REP_0015_jpg.rf.00108bb9dd83af0a1662985e6b4aa9ac.jpg,3468,4624,7,"Flower-closed,Flower-fallen,Flower-open,Plant-Bean",4,4,3,0,1.0,0.5714285714285714,0.924286285536672,"Flower-closed,Flower-fallen,Flower-open,Plant-Bean",0.8430002778768539
flowers,425,FL-B-v2_REP_0051_jpg.rf.f3af039c0f99bde36829e59468aeb322.jpg,3060,4080,36,"Flower-closed,Flower-dry,Flower-fallen,Flower-open,Plant-Bean",32,21,15,11,0.65625,0.5833333333333334,0.8581827636802686,"Flower-closed,Flower-dry,Flower-fallen,Flower-open,Plant-Bean",0.6906975442543626
flowers,426,FL-B-v2_CHAL_0102_jpg.rf.ed15ee0aba59d26f9a8aeda89e8a6133.jpg,3060,4080,7,"Flower-closed,Flower-fallen,Flower-open,Plant-Bean",4,2,5,2,0.5,0.2857142857142857,0.6978185260319453,"Flower-closed,Flower-open,Plant-Bean",0.7336089462041855
flowers,427,FL-B-v2_REP_0172_jpg.rf.852f22dad44fd62820cd8e8c97668460.jpg,3060,4080,15,"Flower-closed,Flower-open,Plant-Bean",7,7,8,0,1.0,0.4666666666666667,0.8754958873807791,"Flower-closed,Flower-open,Plant-Bean",0.82853992496218
flowers,428,FL-B-v2_REP_0321_jpg.rf.43991f9959e86d25e5a567d859cfba7b.jpg,1440,1920,24,"Flower-closed,Flower-dry,Flower-fallen,Flower-open,Plant-Bean",14,11,13,3,0.7857142857142857,0.4583333333333333,0.8005443059059512,"Flower-closed,Flower-dry,Flower-fallen,Flower-open,Plant-Bean",0.7166645058563778
flowers,429,FL-B-v2_CHAL_0060_jpg.rf.5aa2b29da06ecb6432d1fb79a77ce8c6.jpg,1024,472,9,"Flower-closed,Flower-fallen,Flower-open,Plant-Bean",5,3,6,2,0.6,0.3333333333333333,0.8196146972444037,"Flower-closed,Flower-open,Plant-Bean",0.710557758808136
flowers,430,FL-B-v2_CHAL_0069_jpg.rf.d4c06a3a54e831d0b94879ff3bf76369.jpg,771,1024,6,"Flower-closed,Flower-open,Plant-Bean",6,5,1,1,0.8333333333333334,0.8333333333333334,0.8081742063190017,"Flower-closed,Flower-open,Plant-Bean",0.7686334749062856
flowers,431,FL-B-v2_CHAL_0003_jpg.rf.cc1409871e6227c32c60e64cbf455b72.jpg,2448,3264,13,"Flower-closed,Flower-fallen,Flower-open,Plant-Bean",8,4,9,4,0.5,0.3076923076923077,0.8086678716238456,"Flower-closed,Flower-fallen,Flower-open,Plant-Bean",0.6525885537266731
flowers,432,FL-B-v2_REP_0136_jpg.rf.8af4f1bff092a66cb611741425af4836.jpg,1024,1024,12,"Flower-closed,Flower-fallen,Flower-open,Plant-Bean",9,9,3,0,1.0,0.75,0.874092298786088,"Flower-closed,Flower-open,Plant-Bean",0.8704868223932054
flowers,433,FL-B-v2_CHAL_0009_jpg.rf.1a7caf209f423ec663a5be181b5ed531.jpg,3000,4000,33,"Flower-dry,Flower-fallen,Flower-open,Plant-Bean",20,12,21,8,0.6,0.36363636363636365,0.8689309923724706,"Flower-closed,Flower-dry,Flower-fallen,Flower-open,Plant-Bean",0.7255516648292542
flowers,434,FL-B-v2_REP_0060_jpg.rf.f8fdb1296c0ba46d24689ea123eb32ec.jpg,3060,4080,3,Plant-Bean,6,2,1,4,0.3333333333333333,0.6666666666666666,0.8003218203412987,"Flower-closed,Flower-open,Plant-Bean",0.6492035686969757
flowers,435,FL-B-v2_REP_0149_jpg.rf.79c323e6402460d392b090f39620f1c1.jpg,768,1024,16,"Flower-closed,Flower-open,Plant-Bean",10,9,7,1,0.9,0.5625,0.8753694465794488,"Flower-closed,Flower-dry,Flower-open,Plant-Bean",0.7818234205245972
flowers,436,FL-B-v2_REP_0003_jpg.rf.1165a6719ef7ff23e6b2ca450ab5a384.jpg,3468,4624,12,"Flower-closed,Flower-fallen,Flower-open,Plant-Bean",9,7,5,2,0.7777777777777778,0.5833333333333334,0.7549108105356367,"Flower-closed,Flower-open,Plant-Bean",0.6779434416029189
flowers,437,FL-B-v2_REP_0058_jpg.rf.d5edcbeb051a2c489c4f582df3a39866.jpg,3060,4080,8,"Flower-closed,Plant-Bean",5,3,5,2,0.6,0.375,0.9009329219039474,"Flower-closed,Flower-open,Plant-Bean",0.8235487580299378
flowers,438,FL-B-v2_REP_0188_jpg.rf.fb1538e6dc76e0158dde3c636bdd7aaa.jpg,3060,4080,17,"Flower-closed,Flower-fallen,Flower-open,Plant-Bean",7,7,10,0,1.0,0.4117647058823529,0.8486315760728859,"Flower-closed,Flower-open,Plant-Bean",0.7785041502543858
flowers,439,FL-B-v2_REP_0307_jpg.rf.c5fa50ea5de19e433fb65fa1f85a368e.jpg,1440,1920,14,"Flower-closed,Flower-fallen,Flower-open,Plant-Bean",15,8,6,7,0.5333333333333333,0.5714285714285714,0.8263520838052621,"Flower-closed,Flower-open,Plant-Bean",0.5859382609526317
flowers,440,FL-B-v2_CHAL_0119_jpg.rf.8b3564d140dbf7335ef5ded160d74145.jpg,1440,1920,5,"Flower-closed,Plant-Bean",4,4,1,0,1.0,0.8,0.8253795497423738,"Flower-closed,Plant-Bean",0.597342886030674
flowers,441,FL-B-v2_REP_0322_jpg.rf.ca04317a02bf2fa4eb3ec7d27557e909.jpg,1440,1920,35,"Flower-closed,Flower-dry,Flower-fallen,Flower-open,Plant-Bean",21,16,19,5,0.7619047619047619,0.45714285714285713,0.8369799741326909,"Flower-closed,Flower-dry,Flower-open,Plant-Bean",0.7290511074520293
flowers,442,FL-B-v2_REP_0091_jpg.rf.44e9f67b3dfa073059f4543239b8f0c4.jpg,3060,4080,16,"Flower-closed,Flower-fallen,Flower-open,Plant-Bean",11,9,7,2,0.8181818181818182,0.5625,0.8701140213306234,"Flower-closed,Flower-fallen,Flower-open,Plant-Bean",0.7705787149342623
flowers,443,FL-B-v2_REP_0200_jpg.rf.ae468072841f3806cbd76b602f8b84f3.jpg,3060,4080,5,"Flower-closed,Flower-open,Plant-Bean",7,5,0,2,0.7142857142857143,1.0,0.7981006560169668,"Flower-closed,Flower-open,Plant-Bean",0.6834963389805385
flowers,444,FL-B-v2_REP_0293_jpg.rf.043e737e765db8c17d591c4359fb2de4.jpg,1440,1920,38,"Flower-closed,Flower-dry,Flower-fallen,Flower-open,Plant-Bean",21,18,20,3,0.8571428571428571,0.47368421052631576,0.8151662409057918,"Flower-closed,Flower-fallen,Flower-open,Plant-Bean",0.6756266171023959
flowers,445,FL-B-v2_CHAL_0107_jpg.rf.6302d5529b14cb3754bbdfe6ad00cf57.jpg,1440,1920,15,"Flower-closed,Flower-dry,Flower-fallen,Flower-open,Plant-Bean",11,7,8,4,0.6363636363636364,0.4666666666666667,0.8844522567234755,"Flower-closed,Flower-dry,Flower-open,Plant-Bean",0.7578988996419039
flowers,446,FL-B-v2_CHAL_0083_jpg.rf.b1346ec5017a4a0c93d6689d6575376f.jpg,1024,472,13,"Flower-closed,Flower-open,Plant-Bean",8,5,8,3,0.625,0.38461538461538464,0.7910174719281088,"Flower-closed,Flower-open,Plant-Bean",0.6775439754128456
flowers,447,FL-B-v2_REP_0053_jpg.rf.d80e057b478277a5f500f54323b51969.jpg,3000,4000,35,"Flower-closed,Flower-dry,Flower-fallen,Flower-open,Plant-Bean",10,6,29,4,0.6,0.17142857142857143,0.7563816869748429,"Flower-closed,Flower-dry,Flower-open,Plant-Bean",0.7691794604063034
